{"type":"FeatureCollection", "features": [
{"type":"Feature","geometry":{"type":"Polygon","coordinates":[[[86.90652639537689,26.487958643676507],[86.93505676945438,26.516428768572837],[87.0751247068398,26.54164164344712],[87.09396570785117,26.450016081077308],[87.16494414455667,26.40371995611116],[87.2490992077623,26.41399108082379],[87.2683558322559,26.373549331036827],[87.31585033262678,26.367275456297307],[87.39100808255705,26.41873789323921],[87.4691001449558,26.44005795640959],[87.51888920797063,26.43060139353952],[87.5899613324496,26.392533393501367],[87.65435683250189,26.393178768585358],[87.71366739483449,26.4270288933688],[87.76716645806562,26.409970705683577],[87.79146845820281,26.468919581373655],[87.85120295824998,26.43615845554831],[87.90259064534206,26.477142893130065],[87.93401270762041,26.418030206828632],[87.99418920826542,26.392237019223103],[88.010222520453,26.360757018121944],[88.09840039596156,26.439247768869507],[88.11475208344194,26.571061393068874],[88.16566689621033,26.645681143370098],[88.1905650200597,26.77135070637007],[88.17491514641694,26.868249644105845],[88.13898333301444,26.89836739354041],[88.12082520791705,26.987087331814962],[88.08575308253876,27.028284769326717],[88.04022439583923,27.036291456885294],[87.99380045832453,27.130484394839016],[88.009604207768,27.14289039407646],[88.03431345869922,27.28594020637547],[88.06908720790835,27.33596395647146],[88.0444092084183,27.369903456779184],[88.08122739632734,27.431753332250537],[88.04656433297765,27.478229706535785],[88.08769639607186,27.589938832611097],[88.1472412084151,27.665377081986776],[88.16104652128001,27.740551394731142],[88.1811772085614,27.74679076967834],[88.2038905203313,27.837222206839442],[88.13772145827875,27.88144020809915],[88.0936075202709,27.87115708283318],[88.02986014542944,27.90519745739681],[87.98590002116907,27.887417456750256],[87.93324402109477,27.917748894995555],[87.86848839562299,27.910548519798397],[87.83673277030118,27.95136883290536],[87.78844789625344,27.900055269734935],[87.72792058266879,27.80505239515196],[87.61350214550765,27.810567394969326],[87.58134383255191,27.861758706998785],[87.4782846449205,27.83951414526166],[87.42173414511478,27.860321832286786],[87.36318589491316,27.828646207056863],[87.3202378946632,27.826252395231904],[87.2676864569645,27.850602581943633],[87.19568058259284,27.819738457264066],[87.1183942075267,27.840097957254955],[87.11000914550573,27.873689332696586],[87.04161339534198,27.95016901948469],[86.95191770793593,27.956599895169063],[86.85653170687283,28.02786845766326],[86.79254720688817,28.018680145472388],[86.74072383243896,28.10353627068241],[86.69153670635399,28.108420957261444],[86.63724070709304,28.070483582851125],[86.5768320194822,28.112817144695498],[86.53892970604113,28.05059483298521],[86.51798226886666,27.956364457154052],[86.5502191438984,27.93019845739292],[86.56949914447,27.80373620765988],[86.5404432695413,27.67002933158841],[86.49490026923212,27.61346226896859],[86.43718564380248,27.61000227038852],[86.37867926963264,27.567789956941],[86.29453245680747,27.470334894639734],[86.26646945680005,27.456157144636563],[86.23007858176118,27.397598143939263],[86.21806058153066,27.333579019156446],[86.25942183145241,27.257487894350902],[86.31825301916155,27.231121519342707],[86.39224208120714,27.17961564424661],[86.34926095712751,27.064243332164097],[86.3764665821671,27.02260376904877],[86.35535051851167,26.964267956700894],[86.28357439394318,26.946836893907573],[86.26204139469468,26.91879820707163],[86.30095451913581,26.885496768561097],[86.36771333140518,26.872088643975815],[86.41598383158862,26.906538768549353],[86.55441320690403,26.83488126815604],[86.59072927003984,26.697066581257786],[86.6942421449591,26.689877643638397],[86.74080351956684,26.711513394027975],[86.80237870701177,26.712300768465752],[86.85089708193482,26.691437456573397],[86.91298908188071,26.738933269055167],[86.96628770691223,26.735566331421126],[87.01546470753027,26.7003637692726],[86.9812842078,26.624853269263042],[86.99487095752875,26.57200208123112],[86.93572601974006,26.533228956051516],[86.90652639537689,26.487958643676507]]]},"properties":{"OBJECTID":1,"PROVINCE":1,"PR_NAME":"Province No 1"}},
{"type":"Feature","geometry":{"type":"Polygon","coordinates":[[[85.18314476841641,27.254288894317085],[85.15821389305677,27.26184401968584],[85.0971130800047,27.332186207627444],[85.08927351795853,27.36064358193579],[85.00665695555409,27.352633082151044],[84.92360133063698,27.37052045645396],[84.79311826779389,27.437483645054215],[84.64881670442742,27.429143394452126],[84.57817432998138,27.453715957425572],[84.48802333021257,27.35831270646628],[84.62492283012455,27.33529920729262],[84.69172545466608,27.223256019050098],[84.68573270530015,27.14338158219431],[84.64499683043942,27.046169706466856],[84.79598457982456,26.99566001939445],[84.8189220170375,27.02054014421236],[84.86104014268847,26.987709019655597],[84.96483833022484,26.960035269612035],[85.0311325176516,26.874579706688166],[85.0867618931469,26.854723268564044],[85.1133588938979,26.872180018692973],[85.1920882680592,26.86981401840228],[85.17897276847856,26.809394644147574],[85.19973158004842,26.769251581695187],[85.33655114282107,26.7411873316301],[85.40995508076242,26.790951081427295],[85.45387939401888,26.781235706262862],[85.54468776852576,26.837263331237807],[85.62573920659918,26.873302331237653],[85.7235231437781,26.819765643969333],[85.73671901846797,26.79558239391241],[85.72820083160315,26.72058589332437],[85.7345064560082,26.653718018471807],[85.86241014361332,26.569908268851577],[85.95789333081262,26.63055126852629],[85.97835695700803,26.657911831465924],[86.02932364357133,26.666372518377045],[86.21962983195124,26.58811908073102],[86.25345070628515,26.614857268747983],[86.31021733116495,26.61967751800313],[86.54422564449794,26.53815476862775],[86.57265758148225,26.49615801817805],[86.74314401958088,26.424221206343645],[86.76869895699133,26.458970706233174],[86.83585064439177,26.438688768272073],[86.8964849566155,26.46189864430704],[86.90652639537689,26.487958643676507],[86.93572601974006,26.533228956051516],[86.99487095752875,26.57200208123112],[86.9812842078,26.624853269263042],[87.01546470753027,26.7003637692726],[86.96628770691223,26.735566331421126],[86.91298908188071,26.738933269055167],[86.85089708193482,26.691437456573397],[86.80237870701177,26.712300768465752],[86.74080351956684,26.711513394027975],[86.6942421449591,26.689877643638397],[86.59072927003984,26.697066581257786],[86.55441320690403,26.83488126815604],[86.41598383158862,26.906538768549353],[86.36771333140518,26.872088643975815],[86.30095451913581,26.885496768561097],[86.26204139469468,26.91879820707163],[86.17873601905211,26.986335268358005],[86.10206826963497,27.01704826916233],[85.99399183175768,27.024517706227186],[85.94044808211333,27.121115644471445],[85.72781270669111,27.194575957314612],[85.63060358109044,27.137134081872432],[85.48846289344783,27.16410645694748],[85.3954150181886,27.21011989441763],[85.39386839381137,27.208625893869964],[85.39311526825509,27.208689769117598],[85.39297108085077,27.209070268678033],[85.3903499554861,27.208636019336893],[85.39010583091942,27.208333831840946],[85.38942626900717,27.20771783221221],[85.3789681437649,27.21174026949791],[85.37884020621061,27.211797894457334],[85.3765056426214,27.2105032070574],[85.37506226760962,27.209748019355686],[85.37500026834778,27.2097869573023],[85.37101426889348,27.211646831735948],[85.36802595663266,27.211888019116827],[85.36758658025656,27.21197139436441],[85.36089520514963,27.21276751920567],[85.35879683050939,27.213033769792673],[85.35753808091778,27.214541957145684],[85.35227658109937,27.220021331219527],[85.34106745539879,27.219287518604176],[85.3372068933835,27.221278332529096],[85.33546226796938,27.222549456792024],[85.32891026889388,27.224112143960326],[85.32501364316516,27.225320081856353],[85.31343158030325,27.230487768895443],[85.31278801825249,27.23017333173391],[85.30925845621283,27.23156239398935],[85.30747189361307,27.229997456717285],[85.30295126788678,27.230161395032383],[85.29352551848797,27.232137269419525],[85.29251364358981,27.231456206538724],[85.28272826879464,27.23087158245761],[85.28238733131036,27.228981644587293],[85.28177195491185,27.22847745676927],[85.2790383315538,27.22875733208525],[85.27646226851891,27.229349394459064],[85.27418270476807,27.22899108207281],[85.27196476795973,27.228171895017],[85.27114395492964,27.227134706901268],[85.26859351807644,27.226036456617237],[85.26764864357011,27.226516582174554],[85.26486564293515,27.226722206764464],[85.2630554551452,27.226686643973494],[85.26247008102945,27.227822332134963],[85.26232333055731,27.228017706252217],[85.25815151767847,27.235589019417773],[85.2542444553174,27.241210644655553],[85.25375201804127,27.2446829576524],[85.24779708067081,27.246304331879458],[85.24654976865696,27.24736233210598],[85.24584826868272,27.248013894525684],[85.24442489369397,27.248513894200926],[85.23712639346832,27.246015457047747],[85.23451976877237,27.24377995647984],[85.23402626849753,27.243100582525926],[85.23387626787553,27.24311545731257],[85.22920926849298,27.2442823951165],[85.22895258039733,27.24429364383667],[85.22617820516012,27.244990331538645],[85.2260100814002,27.244910582357534],[85.21944695591236,27.244392581852196],[85.21922889279921,27.2445389573071],[85.21892114299641,27.244857456706313],[85.2177686429086,27.246354394439777],[85.21665439278604,27.246499456884465],[85.21589008056282,27.246327832063855],[85.20868226797234,27.248235893971355],[85.20352926776155,27.249798769097993],[85.20197014370723,27.249020207116928],[85.20170020589984,27.248745019067428],[85.20138226767756,27.24793545745547],[85.20076633100143,27.247060769638836],[85.19929989377516,27.24532695677368],[85.19199358113889,27.245894769827828],[85.18649714332855,27.246690581705025],[85.1850589556064,27.246887706802283],[85.17952639292872,27.24934876992984],[85.18002908067757,27.24996951887823],[85.18010895576373,27.250126768935274],[85.18307320576389,27.253612582554695],[85.18314476841641,27.254288894317085]]]},"properties":{"OBJECTID":2,"PROVINCE":2,"PR_NAME":"Province No 2"}},
{"type":"Feature","geometry":{"type":"Polygon","coordinates":[[[86.51798226886666,27.956364457154052],[86.4448589571752,27.905463707084493],[86.38371164467674,27.937613582600818],[86.32115776911581,27.947626145030597],[86.29116364408696,27.978144644959457],[86.22913608146507,27.980694519736346],[86.19956495615787,28.138039332948892],[86.08541758095663,28.09114364526306],[86.1017172057845,27.992725519667033],[86.12634326852708,27.927390270344745],[86.0671735813957,27.899498895157933],[86.00535495556682,27.91109214468679],[85.95061583155547,27.941825832596123],[85.97630995613963,28.000995582680048],[85.9037039569721,28.053215644486443],[85.90038526886514,28.10884489497596],[85.83212908179178,28.184510582897133],[85.75062876780345,28.240075895186465],[85.7395628303604,28.319059707339648],[85.71379770609934,28.386080020876307],[85.68665526832604,28.382536520244287],[85.66303189390686,28.30276102050476],[85.61098801918178,28.25666758294267],[85.59539658078762,28.308265270725713],[85.46028464352156,28.33682433227716],[85.4176625809634,28.32693076993911],[85.37972470653006,28.278459020367563],[85.34207570602905,28.30372833219684],[85.25703083020869,28.294266457930746],[85.20629739360987,28.33984377007397],[85.1844937676733,28.324324145243168],[85.16907101781328,28.331425895388804],[85.123009517875,28.33557133295068],[85.11067701842973,28.345213020364667],[85.08278051800659,28.345685519671065],[85.05728995496753,28.328674145295622],[85.05522026870051,28.326815395913854],[85.05236907966935,28.32578383305753],[85.04448495531648,28.31694202065779],[85.03514895555992,28.30321958301738],[85.03404870518364,28.279060958196737],[85.00328389263757,28.2525624583908],[85.0029948307469,28.252165270111163],[85.00109376736356,28.24150339536544],[84.99181945480404,28.242680957760058],[84.98961751783423,28.239712082546646],[84.98708545502978,28.235667145122704],[84.98477564348121,28.234303083120835],[84.98257951793045,28.23095052025036],[84.97263920523517,28.223228958249877],[84.9690403306468,28.218482832916436],[84.96913757973556,28.205137207616076],[84.97218601797039,28.1997031449842],[84.97294239277727,28.19485395734432],[84.97339139279859,28.187209208238414],[84.96396401832482,28.16771302053951],[84.95938114332517,28.146147207727495],[84.95672564227465,28.14236645784581],[84.95940489262176,28.12781364468401],[84.95878351774519,28.126198082775375],[84.95450801753105,28.124348519968294],[84.94943245524365,28.12417620806559],[84.9439381425313,28.123271144747605],[84.94367239286669,28.123726395956453],[84.93301708047392,28.12525002017236],[84.93232483002691,28.125471332535994],[84.89676676767226,28.101885583053274],[84.89443108082975,28.09998083244949],[84.8914062677851,28.10319752034934],[84.8811609554138,28.113177395120715],[84.8752502682853,28.11639645813011],[84.87450751820745,28.11699908304132],[84.87337032997681,28.118057707397327],[84.87288564215874,28.118701582412143],[84.85438464243737,28.120347770733076],[84.85234664288333,28.118713457060437],[84.85017232948945,28.1174612077686],[84.84037839224908,28.10627445809979],[84.8389995175138,28.09404758223019],[84.83514558080395,28.090438582174897],[84.83396808046263,28.088852895744594],[84.83387514362306,28.08678452068915],[84.83397476782136,28.086021270565254],[84.83370389292037,28.084294707135086],[84.82915583067711,28.072723082704158],[84.82903070440352,28.07249145781458],[84.82545051772729,28.06494795708261],[84.82303345572944,28.062699457713848],[84.82052964242911,28.052529895238536],[84.81575864184788,28.0282136453435],[84.81456570554292,28.02487026994703],[84.81536051737402,28.008108520391943],[84.8140538923733,28.004068582299283],[84.81288370531882,28.00209901935432],[84.81203001757132,28.001740832873168],[84.8011583300929,28.001630894350342],[84.7986768928244,28.00098420715551],[84.79705770484924,27.99771527044345],[84.79025357993885,27.995067395643844],[84.79022914266085,27.993892020400494],[84.79036920487493,27.99070314493423],[84.78674014274344,27.985387894435803],[84.78625058059987,27.983073519727213],[84.78452920445926,27.982275644805213],[84.78101045586789,27.981345770091252],[84.77956876708498,27.97941133286679],[84.77845745504754,27.977111707939002],[84.7768942669569,27.97700320833144],[84.77734264284874,27.972896581911755],[84.77348651808842,27.968611083035114],[84.7696068301911,27.967155020387906],[84.74811370508348,27.95374495776366],[84.74325220482547,27.947180707223936],[84.74184607973285,27.93745695757258],[84.73884395478473,27.93469789509186],[84.73836095499416,27.93447258254372],[84.73638758072235,27.933542269859913],[84.73618526743621,27.9332883948436],[84.73876345556909,27.930059395224987],[84.73524620524825,27.92499708264927],[84.73725133008486,27.914810457336785],[84.73680845534602,27.91149158217081],[84.73635195497877,27.90981533221185],[84.73568964296271,27.905687644569184],[84.73672589308558,27.9028662698625],[84.73845158057605,27.90042020742669],[84.73869564219018,27.899800707636587],[84.7397493292682,27.897042332237902],[84.73953701731955,27.896538145319198],[84.73794108041659,27.892645519774987],[84.74329095481374,27.88978739517222],[84.74398614334592,27.889605394873115],[84.74409458000093,27.88959127012106],[84.74467039252465,27.889213582740695],[84.74688339205494,27.88779595711776],[84.74797239281173,27.88745614468536],[84.74849782981107,27.887229894144355],[84.74997301744088,27.886734519682363],[84.75064333072521,27.883592331620832],[84.75000001778665,27.8830047694546],[84.74996045481117,27.88297333275318],[84.74809651813985,27.880298457607807],[84.7499680181096,27.877889895102612],[84.75066301778412,27.877423519280057],[84.75471707972952,27.874878832692048],[84.75729983012315,27.86324701933455],[84.7678402676143,27.857766895226064],[84.77024032972747,27.850255832140988],[84.76973970502343,27.843552894450568],[84.7725334552548,27.841687144746004],[84.77658651805342,27.83186301996244],[84.77564001847213,27.82680970690251],[84.77589770481529,27.82396083182698],[84.77887795555324,27.809821832711464],[84.77276182999452,27.80995320747462],[84.76482064275854,27.817998270004182],[84.75863270453573,27.812339706911985],[84.75468520505825,27.805445707353556],[84.74614214294559,27.804014269942627],[84.74331583006159,27.803995644983104],[84.74186001742595,27.803910957624623],[84.74074833037122,27.803693582492883],[84.73676908032883,27.797338456704438],[84.73476714268952,27.7958351445763],[84.73404201752516,27.795446395534782],[84.73048426803462,27.798809145026098],[84.73020314266097,27.799171645555077],[84.72944926796941,27.799796082623175],[84.72848514257532,27.79990495724803],[84.72357120464744,27.8012304572199],[84.72314070547924,27.801553081809345],[84.71778814300848,27.80140501922631],[84.70494483043962,27.80724058238701],[84.70180820468494,27.807811644691697],[84.69213907985471,27.809715145237817],[84.69162464246335,27.80972895702581],[84.69031401727813,27.809949895271473],[84.68937001781211,27.810040332895085],[84.68612882968182,27.810667957160547],[84.68017664333746,27.81464145693775],[84.67501645574487,27.81646058308951],[84.67381489224351,27.816683020505025],[84.67002576787496,27.818531394408353],[84.66842501780042,27.82444170741894],[84.66395189246595,27.832610895276673],[84.66426976773568,27.833333645331493],[84.66512939280727,27.835064645117313],[84.66590795478834,27.83889889476825],[84.66607433026621,27.839437395319578],[84.66374808000995,27.845414331905943],[84.66255439187177,27.84929189560455],[84.66142964216431,27.850414207249912],[84.65796501747161,27.851996645328995],[84.65395595490344,27.85223683266372],[84.64904483005495,27.854899958166584],[84.65019839224209,27.85984933208107],[84.64255064209851,27.859524207376296],[84.63963520550038,27.859600958217698],[84.63694495554535,27.860750583172944],[84.63633795453302,27.861473145269485],[84.6357863931276,27.86548745718045],[84.63577526671526,27.866635957083815],[84.63013570539852,27.871400144401207],[84.62954864235604,27.87229633230993],[84.62965770493918,27.875016957766434],[84.62934014263351,27.877518457111137],[84.62391976768316,27.880250644251873],[84.61681826754909,27.87652358209766],[84.61276451766844,27.8719319575938],[84.61029501710141,27.871344957503823],[84.59761233064461,27.876382519837478],[84.59212220427634,27.879508644208613],[84.58722782930096,27.87636620793421],[84.58705970464172,27.876267644935922],[84.57906139246933,27.869893457117428],[84.57952089297487,27.865942894548994],[84.57422507952384,27.86064008167449],[84.57269951726897,27.859976269589197],[84.56753139225998,27.858352770264162],[84.56684995526126,27.8581660206454],[84.56316657947411,27.857894519816284],[84.55944089238335,27.841709082807995],[84.55904501801325,27.839131707662204],[84.5578026432774,27.836187644744086],[84.55732676791604,27.835580332566337],[84.55618814256877,27.834921581865558],[84.54706207965131,27.83160508180913],[84.54222233039627,27.833404457050108],[84.54166676700777,27.83346308295495],[84.53756351664305,27.832935332899353],[84.532929892001,27.833061582426126],[84.53284258042083,27.833116082241474],[84.52957539289014,27.83342645806465],[84.52914595492194,27.83333333236743],[84.5279507676139,27.83327477031446],[84.52260351743843,27.823791270051117],[84.52264726765736,27.821665645053542],[84.52258645460125,27.821550707199435],[84.51886120548033,27.815797519240164],[84.50512026698681,27.81946995747262],[84.50072989187106,27.8200906452671],[84.50062214229808,27.82010683216464],[84.49634726801207,27.819504083146967],[84.49129789218404,27.82046527045594],[84.49103995493005,27.820538395230813],[84.49056339158733,27.820664144734565],[84.48678926791047,27.82106789536715],[84.4792527675013,27.82269401981324],[84.47513083012376,27.823534082831713],[84.4725988923251,27.823928644191653],[84.47189101705686,27.823978457639782],[84.46763489273616,27.823442332197942],[84.46831057946974,27.82048876974096],[84.46468445452399,27.819138082456618],[84.45895951786753,27.81961533288137],[84.45683145480785,27.820093956570872],[84.45588358016317,27.82041070678872],[84.45549545435182,27.820597082289567],[84.45439689290237,27.82100676934698],[84.4538794553726,27.821231894836103],[84.45058595457817,27.82221514521285],[84.4479385798017,27.822936707263295],[84.44171158042514,27.815934957232514],[84.43555914294018,27.813876394679937],[84.43291945466916,27.788019644790836],[84.43545458056451,27.783826082707606],[84.43738420461739,27.78178470709861],[84.44515214195786,27.777876644691446],[84.44617645537915,27.778040332995033],[84.44737451692049,27.77801614482928],[84.45285220476552,27.777772645291407],[84.45833295480207,27.775850206821644],[84.46005545509524,27.775068269684937],[84.46460220432834,27.771603019963436],[84.46605676690632,27.77018789445583],[84.46852895464758,27.767979519239475],[84.46881076710326,27.76773489464972],[84.46747089236783,27.752648645019008],[84.46120157988906,27.75823395743123],[84.45269564268983,27.759112707485485],[84.45036801737018,27.75733101921122],[84.44610526684465,27.751559395150025],[84.44218457975461,27.745892581677367],[84.44075026811043,27.743846082630682],[84.44017189251889,27.743331207269478],[84.42618608032342,27.742088832533625],[84.42515682962403,27.741724206906667],[84.42436601707806,27.741189644486553],[84.4241102049221,27.74076845689882],[84.4244580177234,27.73937295729621],[84.42456645437841,27.73906570751643],[84.42657676740396,27.733655458033013],[84.42920095496015,27.724269644828325],[84.43257783010284,27.71379158251557],[84.43340382952317,27.71027352010691],[84.43066282992572,27.703937020177364],[84.42057158041416,27.699960520261868],[84.39688407983647,27.689010082749178],[84.39585801813308,27.68866326999398],[84.38402370532981,27.682179957539063],[84.38152395516647,27.681155707070275],[84.377607204409,27.681568082201295],[84.36981770492321,27.686433706750222],[84.36863408019872,27.68724464432495],[84.36565058021017,27.691093082579755],[84.34814189243446,27.702715894622884],[84.34131664244916,27.699792769720602],[84.33709495406896,27.69776326965922],[84.3245153299186,27.68575295683354],[84.32368414230939,27.684965145325236],[84.32135745408328,27.68335264470886],[84.32060976672739,27.682948269946735],[84.31068401765333,27.67715370777745],[84.31006414194667,27.67688208194255],[84.30963707908796,27.67666876994781],[84.30897520504175,27.676320395070206],[84.29790214227012,27.669710707183413],[84.29627864204576,27.668953706448463],[84.29499664228126,27.66841039452413],[84.29208933015849,27.667376332451852],[84.28513701765928,27.66535776904584],[84.27925057985044,27.663767644461302],[84.27754445441309,27.663353645154643],[84.2771818297777,27.663255082156354],[84.26910964189653,27.659583893981562],[84.26298939204685,27.65485483238467],[84.25831751743954,27.650806519805087],[84.25660314252104,27.651579144462005],[84.25073582969486,27.65344689515814],[84.24975476646938,27.6530290197735],[84.23971189239,27.65014489487106],[84.23849826718134,27.649655081816604],[84.23480095460042,27.647540332320546],[84.22784295478857,27.64440189443195],[84.20255314201393,27.633639394542456],[84.19248170456706,27.627920020192846],[84.1892995173589,27.62569051990164],[84.18441933008808,27.62250189444694],[84.18112670433402,27.62053408248198],[84.1794924545132,27.619464394666124],[84.1782612043911,27.618667143873665],[84.15793951729495,27.600870020135346],[84.1497023919519,27.594872331692784],[84.14474082952574,27.589554581978405],[84.14019239226513,27.586361769280302],[84.13949470451706,27.58585701938597],[84.13685557922167,27.583702457802246],[84.13499464268864,27.58128758205629],[84.13298470468044,27.578872832215495],[84.12857364245968,27.571696770189817],[84.12828401759339,27.571117144540665],[84.12532251682075,27.56303926934686],[84.1218878917129,27.55978845667198],[84.1171898297469,27.55331633178332],[84.11284920422747,27.552054019977106],[84.0896283924364,27.55531808146435],[84.076744016823,27.55931526938423],[84.07174657954107,27.555700769974578],[84.07056001673146,27.553593769037263],[84.06710626754028,27.551135894006336],[84.06574107958721,27.551330581940874],[84.06314376647168,27.552577394830962],[84.06123414244178,27.553699769428874],[84.05769126683856,27.55531920651623],[84.05092045461532,27.5556986448766],[84.04611139202717,27.552031269827296],[84.04175526669223,27.54168876952116],[84.03206951699468,27.537018144971455],[84.02167282983726,27.537897894172545],[83.99523039106975,27.543310706723787],[83.99254926653549,27.543303770252862],[83.97005532998952,27.55019664475941],[83.96439539273325,27.549299456804533],[83.96350582923071,27.549107394890427],[83.96280514224355,27.549014707163053],[83.95002889211975,27.53992827017356],[83.9484235168319,27.540024707174553],[83.94308626711756,27.541349457111835],[83.94224495404143,27.54161764483848],[83.93935914201086,27.542977082526363],[83.93564645462027,27.544561706857337],[83.93093182984012,27.545161956659],[83.930673266658,27.54519564436356],[83.92810820502967,27.544867207455695],[83.92083351705321,27.532831519359206],[83.92089626634964,27.531376081740802],[83.92851426691993,27.514045644990574],[83.93165270480853,27.512946019643152],[83.93216939230365,27.512842456414262],[83.93328301649808,27.512829456714087],[83.95077589149423,27.521786081962148],[83.95250970435944,27.52532945758844],[83.95938514191084,27.526493769371996],[83.96482057870679,27.523967893903205],[83.96636101664768,27.523354519395582],[83.96695026684142,27.52300489446037],[83.96859657926876,27.50600914490616],[83.95984939263542,27.500164769288745],[83.94081682883365,27.49133045633556],[83.94141782956922,27.454916957051978],[83.94071314239767,27.454093018877757],[83.94037270403715,27.453824332027352],[83.93792864169353,27.45131401932656],[84.02895270510334,27.433398831690795],[84.09772951690371,27.48970208178571],[84.10682345423908,27.520395394631805],[84.17367495513514,27.475490832036314],[84.2562818300425,27.451945082599536],[84.29345626729298,27.38505570675551],[84.48802333021257,27.35831270646628],[84.57817432998138,27.453715957425572],[84.64881670442742,27.429143394452126],[84.79311826779389,27.437483645054215],[84.92360133063698,27.37052045645396],[85.00665695555409,27.352633082151044],[85.08927351795853,27.36064358193579],[85.0971130800047,27.332186207627444],[85.15821389305677,27.26184401968584],[85.18314476841641,27.254288894317085],[85.18307320576389,27.253612582554695],[85.18010895576373,27.250126768935274],[85.18002908067757,27.24996951887823],[85.17952639292872,27.24934876992984],[85.1850589556064,27.246887706802283],[85.18649714332855,27.246690581705025],[85.19199358113889,27.245894769827828],[85.19929989377516,27.24532695677368],[85.20076633100143,27.247060769638836],[85.20138226767756,27.24793545745547],[85.20170020589984,27.248745019067428],[85.20197014370723,27.249020207116928],[85.20352926776155,27.249798769097993],[85.20868226797234,27.248235893971355],[85.21589008056282,27.246327832063855],[85.21665439278604,27.246499456884465],[85.2177686429086,27.246354394439777],[85.21892114299641,27.244857456706313],[85.21922889279921,27.2445389573071],[85.21944695591236,27.244392581852196],[85.2260100814002,27.244910582357534],[85.22617820516012,27.244990331538645],[85.22895258039733,27.24429364383667],[85.22920926849298,27.2442823951165],[85.23387626787553,27.24311545731257],[85.23402626849753,27.243100582525926],[85.23451976877237,27.24377995647984],[85.23712639346832,27.246015457047747],[85.24442489369397,27.248513894200926],[85.24584826868272,27.248013894525684],[85.24654976865696,27.24736233210598],[85.24779708067081,27.246304331879458],[85.25375201804127,27.2446829576524],[85.2542444553174,27.241210644655553],[85.25815151767847,27.235589019417773],[85.26232333055731,27.228017706252217],[85.26247008102945,27.227822332134963],[85.2630554551452,27.226686643973494],[85.26486564293515,27.226722206764464],[85.26764864357011,27.226516582174554],[85.26859351807644,27.226036456617237],[85.27114395492964,27.227134706901268],[85.27196476795973,27.228171895017],[85.27418270476807,27.22899108207281],[85.27646226851891,27.229349394459064],[85.2790383315538,27.22875733208525],[85.28177195491185,27.22847745676927],[85.28238733131036,27.228981644587293],[85.28272826879464,27.23087158245761],[85.29251364358981,27.231456206538724],[85.29352551848797,27.232137269419525],[85.30295126788678,27.230161395032383],[85.30747189361307,27.229997456717285],[85.30925845621283,27.23156239398935],[85.31278801825249,27.23017333173391],[85.31343158030325,27.230487768895443],[85.32501364316516,27.225320081856353],[85.32891026889388,27.224112143960326],[85.33546226796938,27.222549456792024],[85.3372068933835,27.221278332529096],[85.34106745539879,27.219287518604176],[85.35227658109937,27.220021331219527],[85.35753808091778,27.214541957145684],[85.35879683050939,27.213033769792673],[85.36089520514963,27.21276751920567],[85.36758658025656,27.21197139436441],[85.36802595663266,27.211888019116827],[85.37101426889348,27.211646831735948],[85.37500026834778,27.2097869573023],[85.37506226760962,27.209748019355686],[85.3765056426214,27.2105032070574],[85.37884020621061,27.211797894457334],[85.3789681437649,27.21174026949791],[85.38942626900717,27.20771783221221],[85.39010583091942,27.208333831840946],[85.3903499554861,27.208636019336893],[85.39297108085077,27.209070268678033],[85.39311526825509,27.208689769117598],[85.39386839381137,27.208625893869964],[85.3954150181886,27.21011989441763],[85.48846289344783,27.16410645694748],[85.63060358109044,27.137134081872432],[85.72781270669111,27.194575957314612],[85.94044808211333,27.121115644471445],[85.99399183175768,27.024517706227186],[86.10206826963497,27.01704826916233],[86.17873601905211,26.986335268358005],[86.26204139469468,26.91879820707163],[86.28357439394318,26.946836893907573],[86.35535051851167,26.964267956700894],[86.3764665821671,27.02260376904877],[86.34926095712751,27.064243332164097],[86.39224208120714,27.17961564424661],[86.31825301916155,27.231121519342707],[86.25942183145241,27.257487894350902],[86.21806058153066,27.333579019156446],[86.23007858176118,27.397598143939263],[86.26646945680005,27.456157144636563],[86.29453245680747,27.470334894639734],[86.37867926963264,27.567789956941],[86.43718564380248,27.61000227038852],[86.49490026923212,27.61346226896859],[86.5404432695413,27.67002933158841],[86.56949914447,27.80373620765988],[86.5502191438984,27.93019845739292],[86.51798226886666,27.956364457154052]]]},"properties":{"OBJECTID":3,"PROVINCE":3,"PR_NAME":"Bagmati Pradesh"}},
{"type":"Feature","geometry":{"type":"Polygon","coordinates":[[[85.05728995496753,28.328674145295622],[85.0827805180067,28.345685519671065],[85.11019026846628,28.346405895515772],[85.12312589284574,28.371163458027297],[85.12673158069805,28.487671145307274],[85.15892564260452,28.49714170792356],[85.19380826823715,28.568878208362662],[85.16133833029983,28.643275771259994],[85.11762145556571,28.68642008362002],[85.06082833036322,28.682302083474553],[84.95123176753214,28.580196207788845],[84.92092682960964,28.594879895690724],[84.85910351741347,28.570640582796784],[84.78369214247846,28.60900552098809],[84.70299220442678,28.63435045770757],[84.62852045555474,28.736372396069328],[84.55369395471234,28.75043445818386],[84.49171201739586,28.73529733300569],[84.43874626742644,28.769250333036553],[84.44752208037977,28.793077207846977],[84.41075826728036,28.853559520255715],[84.23179595451984,28.892219395608777],[84.22260889238657,28.91555802128579],[84.24999999990007,29.012592333069847],[84.1882629389836,29.080682771492775],[84.16596984892948,29.19402696487265],[84.18148803754303,29.237705247898987],[84.11451721189991,29.2486324487287],[84.11867523187658,29.27937318642347],[84.04598236089737,29.30075647193371],[84.02644348148164,29.288656252084536],[83.96697782926344,29.33099670903107],[83.81484464216663,29.30201008369852],[83.76967432900722,29.24078139604461],[83.71334720460993,29.24453470851006],[83.66217795384966,29.20386245888551],[83.68212620376136,29.12349964609183],[83.65027651654805,29.103861146075076],[83.64007464143162,29.106787208163155],[83.63198476658374,29.07463108325794],[83.62030432868187,29.054621771177835],[83.61847686851274,29.040859239962003],[83.61464760470324,29.03598041426477],[83.61574050402112,29.031355425812308],[83.6173706061686,29.02800561666595],[83.61638641420171,29.023607270858918],[83.6178741455754,29.01741601773506],[83.61493682847191,29.015344637145347],[83.61656119384406,29.009539600572168],[83.61682891841991,29.009143846711197],[83.61823334289454,29.003613529640745],[83.61652113354353,28.998182114612973],[83.6173706061686,28.99156953630512],[83.61650848367964,28.986768740285186],[83.61276245212554,28.983358400469854],[83.61180877685365,28.98093416008345],[83.6096444090623,28.980074415401987],[83.60563659745105,28.981094377903275],[83.60492939127846,28.982498083819564],[83.60448564239852,28.98297058402528],[83.60142517123472,28.98549272371031],[83.60017851932326,28.985611838915304],[83.59010680848246,28.9781562253296],[83.58943176296555,28.973196046960027],[83.58917236341392,28.97123338541246],[83.58769226098912,28.96801759503603],[83.58614349352746,28.96647645742263],[83.58367919913582,28.964393632959855],[83.58449869915569,28.960454293031262],[83.58448028643613,28.96036912723349],[83.58363308369991,28.95814277277077],[83.57974243216756,28.954755800040175],[83.57456207278148,28.949634569280022],[83.57314300554532,28.946964281576356],[83.56801012137004,28.94348982459576],[83.56771401598911,28.94369752122367],[83.56427764979378,28.94512559696875],[83.56427651664796,28.945125771437233],[83.55992126455476,28.943487184186267],[83.55906677281337,28.941574113954232],[83.5597134168408,28.93991590259685],[83.55992126455476,28.939079301968263],[83.55998992959161,28.938779847512023],[83.55992126455476,28.937788027495515],[83.55980737441087,28.937380558166296],[83.55973053003999,28.937105196547634],[83.55286226098463,28.928262505510247],[83.54976491491897,28.923811406371385],[83.54765319883609,28.92122842575128],[83.54684399605361,28.920544459859002],[83.54281616283572,28.915967958354656],[83.54167560034875,28.91469956173546],[83.53987884483286,28.91380502498197],[83.53955856207801,28.913555747299938],[83.53901672324326,28.9129810508349],[83.5341873170911,28.909276979848812],[83.52964782718556,28.904045121685044],[83.5296064988409,28.903908738597465],[83.52668870062308,28.90056154288095],[83.52624511721842,28.89959527799971],[83.52607023595266,28.89927812128832],[83.52545770410984,28.898596290386536],[83.52430034768298,28.89734268581634],[83.52027130127959,28.89348794781057],[83.51779174899008,28.890550630707082],[83.51592019596035,28.889003818371577],[83.51487731963266,28.888380068385516],[83.51434326263154,28.8881187613718],[83.5136795045056,28.887834566612014],[83.51282501276421,28.887626664938693],[83.50193023699092,28.877285020787156],[83.50195312653562,28.875343339523567],[83.50392472554569,28.872503270609513],[83.50757598834127,28.8663578199575],[83.50787353533542,28.86576272776773],[83.50768279992133,28.862834947075214],[83.50831604045294,28.858276384347732],[83.50803375315525,28.85600091790809],[83.5053100583126,28.853174226409465],[83.50474548371716,28.852582948244503],[83.50384294569545,28.850855256165175],[83.50283050602309,28.845146196140092],[83.49596001654157,28.845331208268703],[83.492735767142,28.84639977103268],[83.49198150754057,28.84647371149265],[83.49044036812853,28.846355455140213],[83.48281097404725,28.838607805605818],[83.48299407961315,28.835607545851587],[83.48357391390505,28.835094469134503],[83.4851760867071,28.833776491092237],[83.48529815618502,28.831121461286443],[83.4851226813667,28.830556886691],[83.48458310612551,28.82923086061578],[83.48291015667843,28.826107043005663],[83.48262786938074,28.825567262719062],[83.48188916445343,28.821801021599924],[83.48345173291119,28.815857378815053],[83.4836883544341,28.815685289044893],[83.48738098154712,28.81027223457602],[83.48748016327897,28.809518831129196],[83.48962402382972,28.804193514519113],[83.49010467638976,28.800754564571548],[83.48717207892838,28.788127583021605],[83.48565426613152,28.783115583017775],[83.48095089187024,28.78218839637742],[83.47901732878677,28.781820020577527],[83.46520276639461,28.780064958531057],[83.45832407869335,28.773666457541026],[83.45623051722464,28.77233595823793],[83.45155720460139,28.770760395475918],[83.44126557894339,28.768926895459913],[83.44052651698524,28.76879077047772],[83.42503782883279,28.764784395983156],[83.41698982911737,28.76191183366427],[83.41406457911711,28.760996770784402],[83.4079543917818,28.760740021534843],[83.3997344533824,28.76143920845277],[83.39732226660936,28.76187970808212],[83.39680945339364,28.76205108379054],[83.3873983287699,28.759209021079528],[83.38597401668756,28.757203708284578],[83.37876295394722,28.74953176997525],[83.37786382975202,28.746599270539946],[83.37653889185646,28.744628146371895],[83.37426214208426,28.742684208709306],[83.37158357881918,28.740801521173296],[83.37046839160303,28.740110520783958],[83.37024957845534,28.740048583575344],[83.36926082872435,28.739301708307266],[83.36876939149425,28.738818895575605],[83.36809401592615,28.737944895740384],[83.36752595375981,28.737434645592487],[83.36302826704093,28.734024958684927],[83.35917057925889,28.733578019909714],[83.35560426642382,28.734569583619418],[83.35165251585096,28.7359493954483],[83.34874557874554,28.73564214566852],[83.34765401671956,28.73550602068633],[83.34453545384815,28.735998582968307],[83.33949420429417,28.737029957866298],[83.33912376634879,28.73712283355195],[83.3358387038931,28.73766170822131],[83.33041482878139,28.738101895785917],[83.32930789194569,28.738026520907283],[83.32739220378721,28.737777896133025],[83.32644964053856,28.73751827085158],[83.32560689124512,28.737204957842607],[83.32540507888132,28.737147583794012],[83.32207976636818,28.736027708412053],[83.3117013291531,28.733080770361312],[83.31115839134674,28.732782458943404],[83.3061967039148,28.732267645635375],[83.30612682928978,28.732231082798307],[83.30112470384205,28.73193464556749],[83.29994120322402,28.73163970840585],[83.29549257901937,28.729504957987444],[83.29276120306713,28.728775583526385],[83.28976289214381,28.727744707752095],[83.28460495465498,28.7257975828922],[83.28209707821765,28.724279520983146],[83.28115070364214,28.72376677161924],[83.2683218287894,28.725924770411893],[83.26786251534287,28.725958396063163],[83.26597795361971,28.726291083166984],[83.25830464204563,28.726921521411157],[83.25767970315582,28.72706470876932],[83.25699839116288,28.72740839548112],[83.25499364044418,28.72835170876442],[83.24734382815518,28.732054333640633],[83.24141995426754,28.734789395014616],[83.2405103286888,28.73677627080832],[83.2400338291979,28.73745495857952],[83.23959751681201,28.738623333500072],[83.23849426629744,28.73981733280374],[83.2379904534967,28.740150645835683],[83.23358682866927,28.741998270603744],[83.23332132811686,28.74212083380951],[83.22522714101979,28.740578957852676],[83.2163702038219,28.73327483326699],[83.21365001633524,28.73245589532337],[83.21237639105766,28.731929583283716],[83.20688432844906,28.732998458112377],[83.20660795329445,28.733242708584157],[83.19560132883834,28.739605020855095],[83.19204539148171,28.74127583351293],[83.19143045395236,28.741730145829592],[83.18858082884225,28.743445645799966],[83.18798545336603,28.743527833043117],[83.18274151640793,28.743884270342846],[83.18063595438582,28.74372939539535],[83.17546470423275,28.744248395047464],[83.17506807892875,28.744309146050284],[83.16829082935834,28.745142957881228],[83.16798295365044,28.74526739617346],[83.16562139151404,28.746238771002538],[83.16343620441734,28.74651177010213],[83.16317870423387,28.74653945842931],[83.16302182919412,28.746556520367164],[83.15251189131078,28.747785958355337],[83.14611232912074,28.74561152085505],[83.14558070388642,28.74487720821662],[83.14556057885767,28.744791395806317],[83.14545676561733,28.74410039541698],[83.14524914183448,28.7435440199406],[83.14511476603366,28.743162021210367],[83.14505326679489,28.74299914589392],[83.14465164126028,28.739587833012138],[83.14498307920582,28.733070145770682],[83.14595139094399,28.73223252081425],[83.14674876584291,28.73190364593654],[83.14689864145919,28.731886583099367],[83.14807482879036,28.73073889528382],[83.14792426609205,28.730210020176344],[83.14741489098446,28.72934277065241],[83.14682089057169,28.72818852048391],[83.14631945377982,28.72673920814799],[83.14619814153104,28.72540745788791],[83.14631214049297,28.72508327027674],[83.14639382861236,28.724871770415916],[83.14666689156383,28.72446064534256],[83.14792764124769,28.722291521036937],[83.14793151642641,28.72225545822289],[83.14753245395963,28.721522020624775],[83.1473505786663,28.720751583119124],[83.14744439144556,28.72034158309765],[83.14867914172908,28.71775270832086],[83.1487076412447,28.71767389623335],[83.14901232795665,28.717179520018874],[83.15023107840159,28.71548839617259],[83.15183920381628,28.71339139569642],[83.1519020781185,28.71336695841842],[83.15274545334006,28.71247439567685],[83.15274151610816,28.71039208292831],[83.15252501601674,28.70875514593331],[83.15246095281077,28.70785233271903],[83.1526299534097,28.706964583149045],[83.15231807841667,28.705534520801564],[83.1522783292815,28.705270333259307],[83.15213401597214,28.704840771184706],[83.15202526635301,28.704558082789333],[83.15204820356178,28.704055145928294],[83.15211895412648,28.703929270519495],[83.15231614127697,28.703632708282896],[83.15353595382129,28.70023827028001],[83.15307357908245,28.699585645760976],[83.15243307922327,28.697733957855917],[83.1519690785102,28.69665495845959],[83.14997426619948,28.69458720843295],[83.1498143919207,28.694586208386852],[83.14933889067731,28.69445689576918],[83.14714420404187,28.693899396140296],[83.14674851673072,28.69382252029311],[83.14567395369005,28.693621645922292],[83.14486076691094,28.691006332875986],[83.14433876622115,28.689987833571706],[83.14453632838888,28.68944308363143],[83.14618120369965,28.687666770605006],[83.14624676607548,28.68731070832257],[83.14641270358345,28.67994814579032],[83.1436902039398,28.678268270664205],[83.14345489093051,28.678142708219468],[83.14312007872871,28.677831520308473],[83.1417847042008,28.675979896255285],[83.14094207901377,28.67527520818436],[83.13784751634984,28.67450202055187],[83.13781382864533,28.674402520459978],[83.1352370785284,28.673623583461676],[83.13307232942452,28.673921082791765],[83.12807607834839,28.674477832386117],[83.12712032834054,28.674855145648507],[83.12687245360092,28.674977645901663],[83.1242187035304,28.676390832470986],[83.12359676567826,28.67615439620846],[83.12228682847439,28.67543752052518],[83.1236367657242,28.66758414579175],[83.12369970387829,28.666709207963606],[83.124360453772,28.66622395806928],[83.1269868284794,28.66387883284193],[83.11711795343086,28.642515895392307],[83.11743501661277,28.64191114538312],[83.1177507658852,28.639515020501847],[83.1177516418249,28.638526895799657],[83.11811057834058,28.63708314577059],[83.11781801628848,28.632925645602086],[83.10619982855928,28.63307283314481],[83.10295014183566,28.633949333095302],[83.09833132812832,28.63501958388673],[83.09230176591382,28.633348208253267],[83.08743695345271,28.631215208814865],[83.0828482031821,28.625476583577495],[83.06149926637812,28.620590583088983],[83.02520182820189,28.625505145146406],[83.01109082857892,28.6235710838385],[83.00871689087188,28.622908582964783],[83.0055388288539,28.62336795846454],[83.00083989094827,28.62333345867222],[83.00000001588808,28.62343777013706],[82.99148270406357,28.62606602083025],[82.98626207843222,28.630245771125487],[82.98572832809992,28.63051470888678],[82.97974614037213,28.629048582825874],[82.97488720318194,28.62203645821603],[82.95981595424297,28.611578082962183],[82.95759532756239,28.605190207462158],[82.95458826623553,28.59796602001586],[82.96832132846657,28.57939627072136],[82.96937545351443,28.578887583595133],[82.98463582808108,28.55990127012757],[82.98413357830208,28.558780770616124],[82.98257889060335,28.55254708298156],[82.9810292040346,28.549293645185628],[82.97812895338853,28.545046395374925],[82.97622726677503,28.54310764500184],[82.9728531408598,28.54399589549422],[82.97212145334248,28.544457333139462],[82.97177689069099,28.544650958075295],[82.96937139127675,28.54694964590948],[82.95712376624886,28.55161852127776],[82.95695126638788,28.55165552028609],[82.94967232821546,28.556188144767134],[82.9470089536004,28.557872958070618],[82.94580070274031,28.55796058261484],[82.94256839091855,28.56117727051469],[82.93350526615518,28.565690458847655],[82.92863920363641,28.567375708322345],[82.92379520418541,28.567127582671844],[82.92324564017423,28.567199896258273],[82.9201912664139,28.564470771309118],[82.91857576655843,28.564419458691134],[82.91775864074873,28.562892520473497],[82.91758739094541,28.562304583289915],[82.91677751636934,28.552080896016605],[82.91547182846216,28.54775027095826],[82.91504732867133,28.538472645296395],[82.91601114110136,28.527457645454035],[82.912422328128,28.524593208509827],[82.91131014105025,28.523945832434265],[82.89794389069806,28.516059520930185],[82.89088714082897,28.514867332861172],[82.88643357754762,28.51510164582436],[82.88362270332516,28.515159769907484],[82.8814173911997,28.51528377022987],[82.88512420331938,28.51046158293576],[82.89142695259187,28.50275270767139],[82.89201820287781,28.500429333447016],[82.89353339145293,28.49824664556627],[82.89378920270957,28.497409458579682],[82.89538626556379,28.49523652024925],[82.89627157797099,28.49412239513248],[82.89980695322839,28.49079414543354],[82.90175207889536,28.48935252050245],[82.90209901575702,28.489204207907903],[82.90449414149151,28.48687277126146],[82.91180107825721,28.482015646205184],[82.91302326591108,28.48117495815785],[82.9133285785511,28.4809698326917],[82.91400557829485,28.47956527062081],[82.90245926618223,28.475601270382356],[82.89732151577539,28.4776825830848],[82.89697482802598,28.47781064564481],[82.88769914130239,28.479129271198985],[82.8849625780606,28.478396207718845],[82.88085888972603,28.475323706324048],[82.88066814082208,28.473253394128903],[82.88149589032315,28.47181414430736],[82.88398645301243,28.46711058298706],[82.8851024523164,28.460394645596466],[82.88670114024546,28.458088644475424],[82.88807945290449,28.4569832077089],[82.88796220289339,28.453424519326177],[82.88874532893385,28.451984831534787],[82.88996676475443,28.451162332275885],[82.89144757854297,28.450287832417587],[82.89189864070977,28.450296018946176],[82.89919789007064,28.447758645645024],[82.90042188985836,28.447818144791597],[82.90780951559674,28.44311976896222],[82.90800776574582,28.442893456367983],[82.91089176564253,28.43766464510736],[82.91392763944907,28.435399082002107],[82.9160572016786,28.434306082859507],[82.91452770399042,28.428371895546604],[82.92035607797067,28.415432645100566],[82.92038695259583,28.41503133253002],[82.92049607723226,28.411248894620826],[82.92108089107035,28.409252395181966],[82.92115088980177,28.409022831538493],[82.91806745355018,28.403656207268227],[82.91933520355684,28.401899706306438],[82.92465001608542,28.401113895789706],[82.92806026416991,28.40167089449625],[82.92973076566238,28.402063083444602],[82.9316242657473,28.40118002024178],[82.93384026451668,28.4012380202185],[82.93628932888947,28.401471457241996],[82.93667457866894,28.401573770413222],[82.9460491404555,28.392132958269485],[82.94916132893223,28.38745539365152],[82.95023332890509,28.385622769575207],[82.95108370355013,28.385083332829595],[82.95231757789395,28.383712144599826],[82.94986764027942,28.3796955825851],[82.95833345332625,28.366740958228718],[82.9575144533294,28.359944020700027],[82.960960203051,28.359557457910398],[82.96358076633936,28.359500707991344],[82.9666745789687,28.358247270695017],[82.96753889130684,28.357953769750736],[82.96814026526107,28.357942521030566],[82.96932920407954,28.35750258257815],[82.9719795780951,28.358154270902958],[82.98402039142798,28.357533895173162],[82.98813257835587,28.354627083073467],[83.0011647665408,28.340780645110726],[83.0010976411433,28.340493645365484],[83.00615845364979,28.332535145280758],[83.01131082883177,28.33333289519703],[83.01224939099666,28.33355401960239],[83.01769095307509,28.3295683960647],[83.01967164063376,28.326397082559367],[83.0219507655155,28.32524933358991],[83.028022952897,28.324451145703847],[83.03320439057023,28.32236052052167],[83.04282051565434,28.322466645019688],[83.04308014093579,28.322694082665805],[83.05123139091603,28.32062127035539],[83.06158189159106,28.317586144784798],[83.06467989056455,28.3163913954466],[83.06582339113663,28.315004957412896],[83.07086095347029,28.306637583257896],[83.07138826645541,28.30176352037023],[83.08061057841553,28.29172758276178],[83.09129920349551,28.28161502021709],[83.09883626598094,28.271679395687613],[83.09681139113286,28.261495395496183],[83.09592876589988,28.25756839516538],[83.09590626666096,28.257473520286794],[83.09641189069623,28.256781957821147],[83.09854195294884,28.255852958147557],[83.09905782835614,28.256021082806797],[83.10016982837493,28.255897520454255],[83.10973832896076,28.25196008259178],[83.11566051572026,28.253081458042914],[83.12345420334884,28.25657227009424],[83.1244037039678,28.25656933200912],[83.12635332894303,28.25762864524586],[83.1271275786749,28.25740570780721],[83.12835257850872,28.254548270286477],[83.13210101574936,28.250086895493894],[83.13706864140471,28.25134570803806],[83.1394114535758,28.253460957557195],[83.13981576628464,28.253883145191026],[83.15009445339638,28.264476833339245],[83.15557057821968,28.268716207786838],[83.16137582883147,28.267838207767113],[83.16380376543151,28.266822082673002],[83.16489276618825,28.263164770138076],[83.16607651591852,28.262504145250148],[83.16666645409362,28.261930144860344],[83.16919789096994,28.259091582310703],[83.17586839191279,28.261916020108288],[83.1777539536821,28.26372783297319],[83.18626701620991,28.27038477034091],[83.18778682909897,28.26850764511181],[83.20031826667474,28.25846952035215],[83.20669939096416,28.254716332892485],[83.21665232924164,28.24875877040097],[83.2176366408184,28.247995082307227],[83.22310707832906,28.238954208569908],[83.22328520434877,28.238670958098282],[83.22412295431093,28.2368008322926],[83.2281564541571,28.23416820819631],[83.22776707828808,28.233360457818947],[83.23626157880886,28.22126995784231],[83.23727676680937,28.220946208200985],[83.2497199539128,28.216570332854644],[83.25175614133292,28.21510589572057],[83.25210214110098,28.214934082042305],[83.2537897045313,28.21402058308348],[83.25411607929368,28.213600395541846],[83.25500807905968,28.212474894900538],[83.25548726662413,28.21178939566414],[83.255804516865,28.20974245774829],[83.26079482881835,28.202258645020493],[83.26082332833397,28.20135858283237],[83.26894301660701,28.19861126999416],[83.26930451619052,28.198356020813776],[83.27000526613017,28.197734770043667],[83.27267326595853,28.19525589584299],[83.2728726411595,28.194492082743466],[83.2731147665333,28.193802958339916],[83.27308051585317,28.19265439458468],[83.27267776616605,28.191772332327332],[83.27793539080568,28.188594082351074],[83.27979251691119,28.190821770508364],[83.28005057917096,28.190879520473516],[83.28063407909951,28.19059376988662],[83.28111170364224,28.190097645390097],[83.28805676670646,28.19167045802527],[83.29377926620026,28.19266570715672],[83.29688232835684,28.19277195755984],[83.30277226632711,28.195162082164416],[83.31158057898057,28.195901582991723],[83.31182001628076,28.195291333628177],[83.31208001568024,28.194909082188417],[83.31650351552486,28.19239077001805],[83.31678539183241,28.19191383255736],[83.3181477037536,28.190487958352662],[83.32346576643204,28.189920957386335],[83.3251865786977,28.190080645505418],[83.33067889131786,28.18897945713627],[83.33313207908225,28.18900951967362],[83.33333332847042,28.189044332430058],[83.33706545380772,28.19002133251854],[83.3396487662776,28.189803708274553],[83.3469063914169,28.193464333012628],[83.35266839183288,28.194732520089758],[83.36159157848863,28.193700457210355],[83.36745320310291,28.18521495800394],[83.36983664124807,28.183926332933993],[83.37037920403708,28.183680645345532],[83.37194564137832,28.180795395391215],[83.3718520165574,28.1785071450887],[83.37302039147795,28.176064457808536],[83.37486251599239,28.175876582238516],[83.37648589121096,28.174979270177232],[83.37679039176322,28.1747166456567],[83.37954926628566,28.17152083282025],[83.38235276696668,28.16823033216417],[83.39193564141675,28.167357207369264],[83.39314801656775,28.164239958407393],[83.39633157883935,28.15849608202859],[83.3963922030378,28.1575013320209],[83.39834982838192,28.154511395584507],[83.39889132817234,28.154137020407234],[83.3996525791033,28.15344089568083],[83.40562157917259,28.149001832168892],[83.40779557870303,28.14840427044078],[83.41561939182151,28.137630395026747],[83.42007320421504,28.137049145201956],[83.4207247036822,28.134346707634506],[83.42152464164894,28.13290601979702],[83.42245645440192,28.127819832918988],[83.42527564195734,28.125189645086095],[83.43054495418636,28.127122645193992],[83.43123201644448,28.127150332621795],[83.43229007872424,28.128007583483225],[83.43426295387229,28.12933789482804],[83.43864270439735,28.12944164511589],[83.43949189103802,28.129988895171437],[83.44202851610322,28.129875145321762],[83.44237926609031,28.129479520063853],[83.44429914149225,28.127844708166776],[83.4449437035891,28.12667183213938],[83.44655914139133,28.125207269999578],[83.44725551612925,28.124914457935915],[83.45383032920637,28.126957956844308],[83.45408264210033,28.127247769668884],[83.45555570373278,28.12932939533539],[83.45655814114536,28.130224582298695],[83.460940953862,28.131841583122593],[83.46124276634066,28.131732207575396],[83.46555839160652,28.130162958054143],[83.46873732866482,28.131935207044194],[83.47572089080654,28.132153832233598],[83.48016595369586,28.128793144887766],[83.47955801558999,28.125688457656224],[83.47690045329335,28.120279082313857],[83.47950701683544,28.117405520848138],[83.48565001593556,28.116307269664787],[83.49252982958802,28.1136953326735],[83.4954697034641,28.115346520325716],[83.50000014079393,28.116746208071106],[83.50212176650638,28.118170833117517],[83.50260126703489,28.11966851998625],[83.50879857889134,28.125834645152793],[83.50965995404368,28.126426645473373],[83.51051870407497,28.1263485204679],[83.51170182877644,28.12614289587799],[83.5118490163191,28.126240457930862],[83.5124338913111,28.126770520143452],[83.51495526567305,28.125001520403885],[83.51846614159922,28.121629457533516],[83.52524595423745,28.120357958253237],[83.52588557905631,28.12053845758379],[83.52866801671564,28.119719957610016],[83.52957645429001,28.119314707807575],[83.54062614188302,28.12009220768931],[83.54184470436968,28.12028133241762],[83.54287201613067,28.120411083005138],[83.54557082943029,28.120620894838453],[83.54962357926485,28.11983776969737],[83.55441276593643,28.11757458260098],[83.55657445374811,28.115636707268266],[83.5567585791452,28.11132095699662],[83.55660214117592,28.110458582697504],[83.55883514072923,28.10588327009691],[83.55983032960609,28.10543970737666],[83.55998451657223,28.105230332613814],[83.56340995420607,28.103368582194378],[83.56439770389096,28.09331089538159],[83.5775763286847,28.083843957932345],[83.57803232902882,28.082473582689715],[83.57843689174922,28.08156333208217],[83.5817863915288,28.07814845698573],[83.58245189074222,28.0770291445794],[83.58198895392712,28.076603520636013],[83.57877507910666,28.07540914541579],[83.57323295483707,28.071642083215636],[83.57172014137149,28.069038082741372],[83.5707253913638,28.06627095783847],[83.57033232917371,28.065556770228795],[83.56861932931866,28.064384895146873],[83.56776382943724,28.064278395631504],[83.56294445432314,28.064037520315367],[83.56422432898967,28.061187333129],[83.56487395426961,28.05572464507634],[83.56370445339786,28.050156832571815],[83.56240076648226,28.041811082615425],[83.5625893920868,28.04178464434591],[83.563429267147,28.041787332419517],[83.56482439083305,28.03762889515741],[83.5639127669607,28.035171083079092],[83.57562476656977,28.032389582513247],[83.57831101723968,28.032982269915863],[83.5800914536577,28.03388795736339],[83.58557845398252,28.02654902092064],[83.58863051648518,28.02595127033493],[83.59625726655969,28.021553769890602],[83.59993095395043,28.017834770158572],[83.6008470168764,28.014967395129247],[83.60251257929218,28.01413733257192],[83.60427451665566,28.013803957486687],[83.60530282936213,28.01376189529526],[83.60084657890656,27.99318020700099],[83.60012864202326,27.99244483316255],[83.59972701648866,27.992096145320886],[83.59093982891005,27.98832251986846],[83.58893582912526,27.988072957101338],[83.58679939157872,27.987626520147842],[83.58634901649395,27.984497831809563],[83.58694757916749,27.981843957632577],[83.5808803911172,27.975417583055048],[83.57935782900068,27.974151645182303],[83.57442407900811,27.975727207944317],[83.56676651636172,27.97483689530651],[83.56109582860967,27.973505770075292],[83.55609276606833,27.976373333062895],[83.54317032934728,27.971233894628597],[83.53514276672536,27.967129832176056],[83.52878332958704,27.966291395131805],[83.52020789098145,27.96566158191655],[83.51767545405903,27.966575582697033],[83.51478014159034,27.967073082257002],[83.50996776679904,27.970424708033875],[83.50061064196763,27.97696602046551],[83.49863764181379,27.977590582539392],[83.49793189164353,27.977689519655655],[83.49512839186184,27.97797489522526],[83.49018307928571,27.98077708289611],[83.47995051570382,27.974912895214004],[83.47805939162765,27.974616957106946],[83.47748020394829,27.97436652019877],[83.4759005789486,27.972465207703237],[83.47472764176729,27.97089258302634],[83.47294932864867,27.969107832560496],[83.46898382924036,27.964324957330973],[83.46808782839065,27.963211395189774],[83.46719270437984,27.961906020246715],[83.46566682916091,27.958380269533848],[83.46425189161158,27.95435852022956],[83.45690620395823,27.949266520133847],[83.4495081415875,27.946448332624527],[83.44739689135349,27.939966457286232],[83.44650420450552,27.93073002057406],[83.44786495430424,27.929857771718844],[83.45325901689017,27.930962333444995],[83.45466976719604,27.93252252049797],[83.45752064236382,27.933091083586703],[83.46644157981513,27.9316299577564],[83.46808570509126,27.9300682076817],[83.46888701632281,27.929134895758864],[83.47317876728636,27.92693558301079],[83.47538070425617,27.926416083335653],[83.47602633025099,27.92615233286392],[83.47698657866772,27.925756583499606],[83.47751270544705,27.925510395888125],[83.48460445423223,27.922879145056527],[83.4846586428821,27.9228409571445],[83.48524320491003,27.922642332877388],[83.48652651588606,27.922622332854417],[83.4889542663264,27.924560520251873],[83.48908039174671,27.92501901981194],[83.49306345581391,27.929110957604678],[83.49663282904186,27.928090645267105],[83.49855532866553,27.927071020910944],[83.50261732892665,27.926977457243936],[83.51075170492732,27.93091452008906],[83.50997082899062,27.933238082271714],[83.50503139258478,27.937232145047517],[83.50614214254591,27.938459082920417],[83.5078890792177,27.94004252014622],[83.5080862043149,27.940135769949848],[83.51773014183266,27.93768564527636],[83.52090601669937,27.933833895717783],[83.52436683006522,27.930664394346365],[83.5239168929503,27.925721457779105],[83.52739032920039,27.924769957967214],[83.52970364091038,27.92809020729726],[83.53103151599174,27.93019989540892],[83.53291314142837,27.934479770824794],[83.53290320391977,27.934937833314393],[83.5344048298191,27.93892533283787],[83.53624082905105,27.938405832263413],[83.54410626818981,27.928136332625684],[83.54887645488452,27.928896644664462],[83.55099801764447,27.92807552046895],[83.5640436426001,27.93430883398554],[83.56662426699637,27.934089083744254],[83.56824039188064,27.934976394445073],[83.56930983058425,27.937425644977566],[83.57547145464395,27.931497020870893],[83.58364714190213,27.93009145785453],[83.59004239184299,27.931013207193814],[83.60026333078815,27.925120270883838],[83.61041958059923,27.924472457737807],[83.61558564256342,27.92730745897211],[83.6167243290646,27.929501519679434],[83.61963164118737,27.93006239536328],[83.6211023915622,27.92912333407463],[83.62846595414055,27.92565951967117],[83.62499989233123,27.91597258376777],[83.62945058047995,27.91452477150108],[83.63322920526366,27.914424332517],[83.63425532902028,27.914544333554204],[83.6335053304067,27.910027395048303],[83.6345880161241,27.90522645783483],[83.6376653918444,27.900029146228178],[83.64375032981394,27.902062207604843],[83.64442589244106,27.90060633291597],[83.64957495452057,27.901285145692952],[83.65824170399151,27.904635083442372],[83.66372889137529,27.913107707954396],[83.66504795399993,27.915042395190426],[83.66664182875746,27.917049895136586],[83.6669910166222,27.917592269967315],[83.67027045561707,27.922232457861696],[83.68124595453725,27.926346895792676],[83.68415370373049,27.923666208328882],[83.68393214135529,27.92253977059397],[83.68221164205369,27.918733833399756],[83.68264208006798,27.917922456955864],[83.68388033051292,27.916668583488388],[83.68954864225611,27.921787645083782],[83.69389451621902,27.922275708956874],[83.69742576628613,27.91859433326192],[83.72029664197652,27.920061957593305],[83.73689807928298,27.905161958457654],[83.74801226625317,27.90323320674713],[83.74609832997402,27.90366283357298],[83.74481057994439,27.905542333911626],[83.74696226819418,27.907750769382574],[83.75662426769583,27.903688645014995],[83.75991345444243,27.903292769745576],[83.7602523288819,27.903825894149747],[83.76029157889332,27.9041688326256],[83.75880814178237,27.906352769664636],[83.75971920897439,27.90929895408351],[83.75985326821382,27.90932269978282],[83.76051975488286,27.909408646192105],[83.76330128062966,27.90989044089116],[83.76431769530546,27.909776210803557],[83.76614740827631,27.908720448989584],[83.77142326217387,27.906353963064987],[83.78108975918508,27.899079271491246],[83.7819715120757,27.89806758005483],[83.78346694254543,27.8961226450441],[83.78374634931464,27.89557421238004],[83.78461481831926,27.894095952666135],[83.78604033369453,27.891649070947892],[83.78629983486957,27.89106602157966],[83.79789984010557,27.88287872137596],[83.79944620997469,27.882294823047687],[83.80256583584469,27.879041083079585],[83.80426651678636,27.87678483245412],[83.80469066584163,27.876401866952676],[83.80796057921742,27.87359495694176],[83.8081271435529,27.87345983290504],[83.80927626668642,27.873041707508833],[83.81414070413024,27.87370727057413],[83.81999326267896,27.875154588213718],[83.82235328967266,27.87740881356592],[83.82453782925745,27.876825644587882],[83.83636020985585,27.870454587309382],[83.83799764237733,27.86963294780236],[83.8430258922312,27.86809539488661],[83.84846598931404,27.868800941810093],[83.84951381730889,27.872412334062005],[83.84617500687114,27.880730263490932],[83.85207035516282,27.881398571287093],[83.85389146521902,27.879550406925773],[83.85298095650597,27.876561083827028],[83.8532133808929,27.875048745203458],[83.85365676734597,27.87439558199054],[83.86204601571109,27.873905642131717],[83.863255078659,27.87717639547435],[83.86220403019189,27.879217369086348],[83.86318309242586,27.882147147173157],[83.86754127181229,27.88363159422272],[83.87492395217873,27.88531951918054],[83.87604076626843,27.885814707482837],[83.87636564995483,27.88599096381199],[83.87871839243991,27.88785909132406],[83.8801347041533,27.888000207543598],[83.88252120449005,27.885763956941105],[83.88231307978486,27.883579581932224],[83.88389645405817,27.882139082952392],[83.89066214194435,27.88513658268721],[83.89178545453518,27.88554589472733],[83.89249026671251,27.88576302074688],[83.89474064206706,27.885803081946733],[83.91087320433496,27.88045102039831],[83.91539820436373,27.878030519393008],[83.91567957884956,27.877802769682148],[83.91587939202037,27.87722976933844],[83.91543739232185,27.876557144796436],[83.91259639171017,27.873949207090277],[83.91236601687825,27.87348877039051],[83.91247801664719,27.8730871448559],[83.92173839241292,27.87146589563463],[83.92748220493985,27.868055081876605],[83.92780332946012,27.868095832856454],[83.9301198922193,27.869760019309467],[83.93909476651032,27.877623332450867],[83.94166514223258,27.877816270304663],[83.94205276712154,27.877685519671047],[83.94498489243887,27.875001582057394],[83.95515957925124,27.869840395318022],[83.9574389541445,27.871084395128776],[83.96035557964632,27.87282939556019],[83.96169014208647,27.872362770625443],[83.96220595454122,27.87221620721226],[83.9705635791459,27.870090457208903],[83.97556276740784,27.86941901977201],[83.9841335169483,27.865349769176532],[83.98528939129244,27.865437832589976],[83.98785639185905,27.86576983261176],[83.99022789150405,27.866386019299398],[83.99635857978467,27.866050082045717],[83.99958332920733,27.856963645056226],[83.99976132932193,27.85643333283207],[84.00244432984198,27.85451983272418],[84.02220558102283,27.850738583718737],[84.0230440171677,27.85089414574827],[84.02464308011412,27.85210783301011],[84.02387995589532,27.854068770557376],[84.02292239195486,27.85490833265351],[84.02221451758595,27.855583083192812],[84.02560720550821,27.86037964610381],[84.02837682962706,27.857495395296326],[84.03029557907774,27.85625851991483],[84.02771657975643,27.852086957946824],[84.02725014188059,27.851044582541476],[84.02434295566292,27.843998333156605],[84.02511833044667,27.836394083220398],[84.02537820573968,27.83630377060257],[84.02721251694413,27.832550958160255],[84.02736083043806,27.83178827101193],[84.02783026755287,27.83105033320635],[84.0281797045298,27.829141332406607],[84.02769170450864,27.828940582142195],[84.02738345468276,27.82841720818766],[84.0276844550736,27.824231456716404],[84.02882414162087,27.820787895045385],[84.02879358085914,27.820309583420567],[84.02605895385767,27.818245395608585],[84.01716151749008,27.811502394919614],[84.01714945488351,27.811136894252343],[84.01595526762156,27.805949521053606],[84.0142482671439,27.80073508275791],[84.00854283048727,27.796635582566125],[84.00232258052273,27.788196769865067],[84.00160482889981,27.786071270772595],[84.00194539316544,27.78247670843342],[84.0011315175056,27.774270082698195],[83.99781070519992,27.769068958865432],[83.9959653296363,27.76395808289925],[83.99587026769876,27.762042394740774],[83.99513207988161,27.76164302020925],[83.9954807056701,27.75920376923864],[83.9949373298939,27.75724064543948],[83.99588708052443,27.75249758319694],[83.99571433065188,27.75180489567947],[83.99603583108882,27.75179358310743],[83.99236133071088,27.74922564544721],[83.98977582929115,27.74826645823049],[83.98798839255033,27.747864644737604],[83.98476495523857,27.748232145497184],[83.98104332948611,27.748798083464806],[83.97729264214178,27.747393957565123],[83.97264576688866,27.749586394096866],[83.97196864303851,27.749301957419448],[83.9624267048286,27.74744264596137],[83.95711776757099,27.746612957522018],[83.95405964363772,27.746449520129318],[83.94670333049436,27.743851957901597],[83.94533251728188,27.74311358212617],[83.93845245451723,27.738882145094976],[83.93628770541335,27.73745733298955],[83.93184364257013,27.734625582804426],[83.92842583028789,27.73193645790127],[83.92691420392742,27.729367833159017],[83.91865851747667,27.728460707695547],[83.90821658093051,27.731759770796828],[83.90810001620287,27.732064332503],[83.9084502041137,27.73255195840619],[83.91022989229577,27.7333248321753],[83.90969945506583,27.734558770370995],[83.90883189257784,27.73486283295341],[83.90573670578442,27.734310207650026],[83.9061162052987,27.731670458225096],[83.90433664212242,27.730188958253848],[83.90222026755134,27.73063652025928],[83.9005792044668,27.73169139534167],[83.89586145454257,27.730868771076985],[83.8900125796169,27.730555144204573],[83.88988926727592,27.731798332826827],[83.88798939369565,27.732175895201465],[83.88561226789193,27.734861394937468],[83.88467876801082,27.734513083012416],[83.8792207672247,27.73545614628415],[83.87696732877924,27.733328582348236],[83.8746417665044,27.73359952020172],[83.87115239246901,27.73448989579208],[83.8631593287401,27.734037706774814],[83.86195539282716,27.7342621451819],[83.85930970517882,27.733939082622612],[83.8515432670082,27.733836208274454],[83.85102895462262,27.733864956902266],[83.84702358017415,27.734833144534036],[83.84509751653724,27.732306019906957],[83.8461495182857,27.72630277005686],[83.84648132944983,27.722521333093084],[83.84669014213642,27.719369332528743],[83.84654139157203,27.717645208059935],[83.84816357968549,27.714445082074917],[83.84531383046897,27.71040739408602],[83.83333326721657,27.71338551972599],[83.82657870394411,27.713666083023384],[83.82345782981503,27.710652019575093],[83.8232887662636,27.710552520382578],[83.81897126770991,27.712756020374115],[83.81663683092506,27.713585582908365],[83.81612039164281,27.713670644384763],[83.8054773927675,27.719547707660638],[83.79756220493186,27.721596457710405],[83.79187932956745,27.72256508331202],[83.784377829873,27.72486195721359],[83.78292664245066,27.72456408376553],[83.77960201791888,27.72370814591426],[83.7761513300199,27.723596582316475],[83.7613875799729,27.722136770395707],[83.74871664315862,27.719397582932174],[83.74408326762875,27.71616689528605],[83.74202720429213,27.715210895266637],[83.73566864219413,27.71425570823442],[83.72890114307336,27.70980183198901],[83.72616095466441,27.7100312706267],[83.72425601700166,27.71035683330126],[83.71847770468236,27.71402320740515],[83.7179857674293,27.714538958706044],[83.70411107996244,27.7157194582864],[83.699846517303,27.71571701932504],[83.69718920411856,27.715830833026587],[83.69684645450036,27.715983520822874],[83.68795814265422,27.71979964553725],[83.68178676634625,27.72015801907736],[83.6806290798682,27.719889083114765],[83.6829844555682,27.718342019868373],[83.68784301684184,27.713682269920866],[83.68824882872053,27.71276483283083],[83.69211657991627,27.704699896183286],[83.69168383064431,27.701718207429394],[83.69326189262233,27.696213707196875],[83.69371101675006,27.695508457049698],[83.69681557897587,27.694019269673618],[83.70107301720606,27.68981570802856],[83.70139382966158,27.68941476957599],[83.7040876427306,27.685516895588307],[83.70620276724395,27.68169445763317],[83.70449526764253,27.679833771111703],[83.70260601775357,27.678247956977657],[83.7016949550582,27.67398577032708],[83.69975326660006,27.668141895632004],[83.70275270437389,27.661742269590093],[83.70597357861783,27.661514457826],[83.70697720403479,27.66019883151091],[83.720030141378,27.666196394947747],[83.72112539152369,27.66779620792869],[83.72230607906238,27.66945251991791],[83.72416139123527,27.670327207734488],[83.72467345441646,27.670562894861746],[83.72514076733262,27.670929394675852],[83.73095157935194,27.671200269576843],[83.73284501648436,27.670772956706628],[83.73826226718995,27.669323395258516],[83.74468395450094,27.667606895242045],[83.7460845172867,27.666835519743472],[83.75020376659063,27.666667019167676],[83.75258776681204,27.66694201925884],[83.77022089198061,27.666302207381023],[83.77178732932185,27.666246144544004],[83.77494070405032,27.666021082007376],[83.78525345478317,27.66681826894802],[83.79056989148734,27.666129144544414],[83.79256801600121,27.66629914518944],[83.81348351645119,27.661026144840775],[83.81191732912151,27.655279082163986],[83.81274739167884,27.65463708223558],[83.81235739168034,27.650414707672667],[83.81168007897253,27.64932614488572],[83.81222751608703,27.648361144451314],[83.81201114190071,27.648209644659403],[83.80934320412564,27.647623832573856],[83.80918095473731,27.646529207457036],[83.81063095415527,27.64566927032064],[83.80999701664905,27.644639394592446],[83.80984495388157,27.644467706819285],[83.81208939191197,27.637796144676372],[83.81196176642243,27.635954707243968],[83.81191101678007,27.635261894720713],[83.80404314227724,27.628088894886616],[83.80513289126998,27.6256015823472],[83.803922454158,27.620461832747424],[83.80122351675197,27.62076264517998],[83.8004512041598,27.62071414474201],[83.79915407869782,27.619696831643523],[83.80023495407994,27.616327206835194],[83.79801620428447,27.609362769676125],[83.79422582895887,27.607561019325658],[83.79207320451485,27.606623645165143],[83.79280107890673,27.60463676937144],[83.79328939189196,27.604251644597753],[83.79873432912603,27.59879445769809],[83.79888332880262,27.598697643881223],[83.80231207953892,27.59687701945893],[83.80361189217513,27.596258331756644],[83.80412770462993,27.59642608229791],[83.80826520387609,27.596718395237815],[83.81179864199379,27.592799206418306],[83.81146901708155,27.592058645290308],[83.8137885790797,27.588780832269663],[83.81423870505228,27.58881527000875],[83.8239820167567,27.592361643974755],[83.82423714183068,27.5922062699035],[83.82982201717243,27.58981683238096],[83.83734257979626,27.586247019384473],[83.83823414159241,27.5855553319131],[83.8394092038717,27.583428831875153],[83.8428775166841,27.57209389461758],[83.83424970426051,27.56235833237122],[83.83485364218188,27.560434269725818],[83.83486689189363,27.55897658290303],[83.83928970465621,27.548107644652134],[83.8388673920166,27.546031207174508],[83.83960157964924,27.54493089474505],[83.84136039186865,27.547645206960794],[83.84382689229727,27.552192582122018],[83.85257407982999,27.558802519121002],[83.8531297043724,27.55800645723224],[83.85730732956966,27.548301082529008],[83.86313320433396,27.545039519358397],[83.86546632990724,27.544342269580113],[83.86772307965646,27.543243270160815],[83.86789557951744,27.54320733235255],[83.87847120388301,27.53402395743973],[83.87899264159716,27.5337671443383],[83.8847265166155,27.52479333124728],[83.87906320420359,27.516723770285807],[83.87796264176256,27.509989332042096],[83.8803736423298,27.50885639490673],[83.88719770431067,27.508322769580218],[83.89019870420691,27.50758958199367],[83.89822282961995,27.501272894128817],[83.89899932855622,27.500370831848443],[83.89947001662802,27.499671644930515],[83.89754270383276,27.49899333217661],[83.89522207973528,27.499287207238865],[83.89192276662243,27.497964581500298],[83.89069957892247,27.49665033204724],[83.88571220505429,27.495942269720047],[83.88473489200175,27.49428970700444],[83.88396745463439,27.49348576975251],[83.88331495512114,27.493126395266984],[83.87963932969137,27.4908170189903],[83.87894257903685,27.490493831425226],[83.87677995503094,27.489119956920547],[83.8824184542483,27.483900957263415],[83.88265970458178,27.483716144784296],[83.88373582974481,27.48211039447915],[83.88711970431098,27.4799265824459],[83.88797301704113,27.47369702000151],[83.88772051708827,27.47355689393555],[83.88860607950704,27.47186970732116],[83.88823301644061,27.471479020240622],[83.88679389162485,27.46324601918849],[83.88895670448841,27.4625347076107],[83.89181776717629,27.461381644547316],[83.88916482919359,27.45488520648712],[83.8941643915735,27.441532644715835],[83.93792864169353,27.45131401932656],[83.94037270403715,27.453824332027352],[83.94071314239767,27.454093018877757],[83.94141782956922,27.454916957051978],[83.94081682883365,27.49133045633556],[83.95984939263542,27.500164769288745],[83.96859657926876,27.50600914490616],[83.96695026684142,27.52300489446037],[83.96636101664768,27.523354519395582],[83.96482057870679,27.523967893903205],[83.95938514191084,27.526493769371996],[83.95250970435944,27.52532945758844],[83.95077589149423,27.521786081962148],[83.93328301649808,27.512829456714087],[83.93216939230365,27.512842456414262],[83.93165270480853,27.512946019643152],[83.92851426691993,27.514045644990574],[83.92089626634964,27.531376081740802],[83.92083351705321,27.532831519359206],[83.92810820502967,27.544867207455695],[83.930673266658,27.54519564436356],[83.93093182984012,27.545161956659],[83.93564645462027,27.544561706857337],[83.93935914201086,27.542977082526363],[83.94224495404143,27.54161764483848],[83.94308626711756,27.541349457111835],[83.9484235168319,27.540024707174553],[83.95002889211975,27.53992827017356],[83.96280514224355,27.549014707163053],[83.96350582923071,27.549107394890427],[83.96439539273325,27.549299456804533],[83.97005532998952,27.55019664475941],[83.99254926653549,27.543303770252862],[83.99523039106975,27.543310706723787],[84.02167282983726,27.537897894172545],[84.03206951699468,27.537018144971455],[84.04175526669223,27.54168876952116],[84.04611139202717,27.552031269827296],[84.05092045461532,27.5556986448766],[84.05769126683856,27.55531920651623],[84.06123414244178,27.553699769428874],[84.06314376647168,27.552577394830962],[84.06574107958721,27.551330581940874],[84.06710626754028,27.551135894006336],[84.07056001673146,27.553593769037263],[84.07174657954107,27.555700769974578],[84.076744016823,27.55931526938423],[84.0896283924364,27.55531808146435],[84.11284920422747,27.552054019977106],[84.1171898297469,27.55331633178332],[84.1218878917129,27.55978845667198],[84.12532251682075,27.56303926934686],[84.12828401759339,27.571117144540665],[84.12857364245968,27.571696770189817],[84.13298470468044,27.578872832215495],[84.13499464268864,27.58128758205629],[84.13685557922167,27.583702457802246],[84.13949470451706,27.58585701938597],[84.14019239226513,27.586361769280302],[84.14474082952574,27.589554581978405],[84.1497023919519,27.594872331692784],[84.15793951729495,27.600870020135346],[84.1782612043911,27.618667143873665],[84.1794924545132,27.619464394666124],[84.18112670433402,27.62053408248198],[84.18441933008808,27.62250189444694],[84.1892995173589,27.62569051990164],[84.19248170456706,27.627920020192846],[84.20255314201393,27.633639394542456],[84.22784295478857,27.64440189443195],[84.23480095460042,27.647540332320546],[84.23849826718134,27.649655081816604],[84.23971189239,27.65014489487106],[84.24975476646938,27.6530290197735],[84.25073582969486,27.65344689515814],[84.25660314252104,27.651579144462005],[84.25831751743954,27.650806519805087],[84.26298939204685,27.65485483238467],[84.26910964189653,27.659583893981562],[84.2771818297777,27.663255082156354],[84.27754445441309,27.663353645154643],[84.27925057985044,27.663767644461302],[84.28513701765928,27.66535776904584],[84.29208933015849,27.667376332451852],[84.29499664228126,27.66841039452413],[84.29627864204576,27.668953706448463],[84.29790214227012,27.669710707183413],[84.30897520504175,27.676320395070206],[84.30963707908796,27.67666876994781],[84.31006414194667,27.67688208194255],[84.31068401765333,27.67715370777745],[84.32060976672739,27.682948269946735],[84.32135745408328,27.68335264470886],[84.32368414230939,27.684965145325236],[84.3245153299186,27.68575295683354],[84.33709495406896,27.69776326965922],[84.34131664244916,27.699792769720602],[84.34814189243446,27.702715894622884],[84.36565058021017,27.691093082579755],[84.36863408019872,27.68724464432495],[84.36981770492321,27.686433706750222],[84.377607204409,27.681568082201295],[84.38152395516647,27.681155707070275],[84.38402370532981,27.682179957539063],[84.39585801813308,27.68866326999398],[84.39688407983647,27.689010082749178],[84.42057158041416,27.699960520261868],[84.43066282992572,27.703937020177364],[84.43340382952317,27.71027352010691],[84.43257783010284,27.71379158251557],[84.42920095496015,27.724269644828325],[84.42657676740396,27.733655458033013],[84.42456645437841,27.73906570751643],[84.4244580177234,27.73937295729621],[84.4241102049221,27.74076845689882],[84.42436601707806,27.741189644486553],[84.42515682962403,27.741724206906667],[84.42618608032342,27.742088832533625],[84.44017189251889,27.743331207269478],[84.44075026811043,27.743846082630682],[84.44218457975461,27.745892581677367],[84.44610526684465,27.751559395150025],[84.45036801737018,27.75733101921122],[84.45269564268983,27.759112707485485],[84.46120157988906,27.75823395743123],[84.46747089236783,27.752648645019008],[84.46881076710326,27.76773489464972],[84.46852895464758,27.767979519239475],[84.46605676690632,27.77018789445583],[84.46460220432834,27.771603019963436],[84.46005545509524,27.775068269684937],[84.45833295480207,27.775850206821644],[84.45285220476552,27.777772645291407],[84.44737451692049,27.77801614482928],[84.44617645537915,27.778040332995033],[84.44515214195786,27.777876644691446],[84.43738420461739,27.78178470709861],[84.43545458056451,27.783826082707606],[84.43291945466916,27.788019644790836],[84.43555914294018,27.813876394679937],[84.44171158042514,27.815934957232514],[84.4479385798017,27.822936707263295],[84.45058595457817,27.82221514521285],[84.4538794553726,27.821231894836103],[84.45439689290237,27.82100676934698],[84.45549545435182,27.820597082289567],[84.45588358016317,27.82041070678872],[84.45683145480785,27.820093956570872],[84.45895951786753,27.81961533288137],[84.46468445452399,27.819138082456618],[84.46831057946974,27.82048876974096],[84.46763489273616,27.823442332197942],[84.47189101705686,27.823978457639782],[84.4725988923251,27.823928644191653],[84.47513083012376,27.823534082831713],[84.4792527675013,27.82269401981324],[84.48678926791047,27.82106789536715],[84.49056339158733,27.820664144734565],[84.49103995493005,27.820538395230813],[84.49129789218404,27.82046527045594],[84.49634726801207,27.819504083146967],[84.50062214229808,27.82010683216464],[84.50072989187106,27.8200906452671],[84.50512026698681,27.81946995747262],[84.51886120548033,27.815797519240164],[84.52258645460125,27.821550707199435],[84.52264726765736,27.821665645053542],[84.52260351743843,27.823791270051117],[84.5279507676139,27.83327477031446],[84.52914595492194,27.83333333236743],[84.52957539289014,27.83342645806465],[84.53284258042083,27.833116082241474],[84.532929892001,27.833061582426126],[84.53756351664305,27.832935332899353],[84.54166676700777,27.83346308295495],[84.54222233039627,27.833404457050108],[84.54706207965131,27.83160508180913],[84.55618814256877,27.834921581865558],[84.55732676791604,27.835580332566337],[84.5578026432774,27.836187644744086],[84.55904501801325,27.839131707662204],[84.55944089238335,27.841709082807995],[84.56316657947411,27.857894519816284],[84.56684995526126,27.8581660206454],[84.56753139225998,27.858352770264162],[84.57269951726897,27.859976269589197],[84.57422507952384,27.86064008167449],[84.57952089297487,27.865942894548994],[84.57906139246933,27.869893457117428],[84.58705970464172,27.876267644935922],[84.58722782930096,27.87636620793421],[84.59212220427634,27.879508644208613],[84.59761233064461,27.876382519837478],[84.61029501710141,27.871344957503823],[84.61276451766844,27.8719319575938],[84.61681826754909,27.87652358209766],[84.62391976768316,27.880250644251873],[84.62934014263351,27.877518457111137],[84.62965770493918,27.875016957766434],[84.62954864235604,27.87229633230993],[84.63013570539852,27.871400144401207],[84.63577526671526,27.866635957083815],[84.6357863931276,27.86548745718045],[84.63633795453302,27.861473145269485],[84.63694495554535,27.860750583172944],[84.63963520550038,27.859600958217698],[84.64255064209851,27.859524207376296],[84.65019839224209,27.85984933208107],[84.64904483005495,27.854899958166584],[84.65395595490344,27.85223683266372],[84.65796501747161,27.851996645328995],[84.66142964216431,27.850414207249912],[84.66255439187177,27.84929189560455],[84.66374808000995,27.845414331905943],[84.66607433026621,27.839437395319578],[84.66590795478834,27.83889889476825],[84.66512939280727,27.835064645117313],[84.66426976773568,27.833333645331493],[84.66395189246595,27.832610895276673],[84.66842501780042,27.82444170741894],[84.67002576787496,27.818531394408353],[84.67381489224351,27.816683020505025],[84.67501645574487,27.81646058308951],[84.68017664333746,27.81464145693775],[84.68612882968182,27.810667957160547],[84.68937001781211,27.810040332895085],[84.69031401727813,27.809949895271473],[84.69162464246335,27.80972895702581],[84.69213907985471,27.809715145237817],[84.70180820468494,27.807811644691697],[84.70494483043962,27.80724058238701],[84.71778814300848,27.80140501922631],[84.72314070547924,27.801553081809345],[84.72357120464744,27.8012304572199],[84.72848514257532,27.79990495724803],[84.72944926796941,27.799796082623175],[84.73020314266097,27.799171645555077],[84.73048426803462,27.798809145026098],[84.73404201752516,27.795446395534782],[84.73476714268952,27.7958351445763],[84.73676908032883,27.797338456704438],[84.74074833037122,27.803693582492883],[84.74186001742595,27.803910957624623],[84.74331583006159,27.803995644983104],[84.74614214294559,27.804014269942627],[84.75468520505825,27.805445707353556],[84.75863270453573,27.812339706911985],[84.76482064275854,27.817998270004182],[84.77276182999452,27.80995320747462],[84.77887795555324,27.809821832711464],[84.77589770481529,27.82396083182698],[84.77564001847213,27.82680970690251],[84.77658651805342,27.83186301996244],[84.7725334552548,27.841687144746004],[84.76973970502343,27.843552894450568],[84.77024032972747,27.850255832140988],[84.7678402676143,27.857766895226064],[84.75729983012315,27.86324701933455],[84.75471707972952,27.874878832692048],[84.75066301778412,27.877423519280057],[84.7499680181096,27.877889895102612],[84.74809651813985,27.880298457607807],[84.74996045481117,27.88297333275318],[84.75000001778665,27.8830047694546],[84.75064333072521,27.883592331620832],[84.74997301744088,27.886734519682363],[84.74849782981107,27.887229894144355],[84.74797239281173,27.88745614468536],[84.74688339205494,27.88779595711776],[84.74467039252465,27.889213582740695],[84.74409458000093,27.88959127012106],[84.74398614334592,27.889605394873115],[84.74329095481374,27.88978739517222],[84.73794108041659,27.892645519774987],[84.73953701731955,27.896538145319198],[84.7397493292682,27.897042332237902],[84.73869564219018,27.899800707636587],[84.73845158057605,27.90042020742669],[84.73672589308558,27.9028662698625],[84.73568964296271,27.905687644569184],[84.73635195497877,27.90981533221185],[84.73680845534602,27.91149158217081],[84.73725133008486,27.914810457336785],[84.73524620524825,27.92499708264927],[84.73876345556909,27.930059395224987],[84.73618526743621,27.9332883948436],[84.73638758072235,27.933542269859913],[84.73836095499416,27.93447258254372],[84.73884395478473,27.93469789509186],[84.74184607973285,27.93745695757258],[84.74325220482547,27.947180707223936],[84.74811370508348,27.95374495776366],[84.7696068301911,27.967155020387906],[84.77348651808842,27.968611083035114],[84.77734264284874,27.972896581911755],[84.7768942669569,27.97700320833144],[84.77845745504754,27.977111707939002],[84.77956876708498,27.97941133286679],[84.78101045586789,27.981345770091252],[84.78452920445926,27.982275644805213],[84.78625058059987,27.983073519727213],[84.78674014274344,27.985387894435803],[84.79036920487493,27.99070314493423],[84.79022914266085,27.993892020400494],[84.79025357993885,27.995067395643844],[84.79705770484924,27.99771527044345],[84.7986768928244,28.00098420715551],[84.8011583300929,28.001630894350342],[84.81203001757132,28.001740832873168],[84.81288370531882,28.00209901935432],[84.8140538923733,28.004068582299283],[84.81536051737402,28.008108520391943],[84.81456570554292,28.02487026994703],[84.81575864184788,28.0282136453435],[84.82052964242911,28.052529895238536],[84.82303345572944,28.062699457713848],[84.82545051772729,28.06494795708261],[84.82903070440352,28.07249145781458],[84.82915583067711,28.072723082704158],[84.83370389292037,28.084294707135086],[84.83397476782136,28.086021270565254],[84.83387514362306,28.08678452068915],[84.83396808046263,28.088852895744594],[84.83514558080395,28.090438582174897],[84.8389995175138,28.09404758223019],[84.84037839224908,28.10627445809979],[84.85017232948945,28.1174612077686],[84.85234664288333,28.118713457060437],[84.85438464243737,28.120347770733076],[84.87288564215874,28.118701582412143],[84.87337032997681,28.118057707397327],[84.87450751820745,28.11699908304132],[84.8752502682853,28.11639645813011],[84.8811609554138,28.113177395120715],[84.8914062677851,28.10319752034934],[84.89443108082975,28.09998083244949],[84.89676676767226,28.101885583053274],[84.93232483002691,28.125471332535994],[84.93301708047392,28.12525002017236],[84.94367239286669,28.123726395956453],[84.9439381425313,28.123271144747605],[84.94943245524365,28.12417620806559],[84.95450801753105,28.124348519968294],[84.95878351774519,28.126198082775375],[84.95940489262176,28.12781364468401],[84.95672564227465,28.14236645784581],[84.95938114332517,28.146147207727495],[84.96396401832482,28.16771302053951],[84.97339139279859,28.187209208238414],[84.97294239277727,28.19485395734432],[84.97218601797039,28.1997031449842],[84.96913757973556,28.205137207616076],[84.9690403306468,28.218482832916436],[84.97263920523517,28.223228958249877],[84.98257951793045,28.23095052025036],[84.98477564348121,28.234303083120835],[84.98708545502978,28.235667145122704],[84.98961751783423,28.239712082546646],[84.99181945480404,28.242680957760058],[85.00109376736356,28.24150339536544],[85.0029948307469,28.252165270111163],[85.00328389263757,28.2525624583908],[85.03404870518364,28.279060958196737],[85.03514895555992,28.30321958301738],[85.04448495531648,28.31694202065779],[85.05236907966935,28.32578383305753],[85.05522026870051,28.326815395913854],[85.05728995496753,28.328674145295622]]]},"properties":{"OBJECTID":4,"PROVINCE":4,"PR_NAME":"Gandaki Pradesh"}},
{"type":"Feature","geometry":{"type":"Polygon","coordinates":[[[83.14741214085768,28.747027458450475],[83.03805695336575,28.792666646648456],[82.97768132932993,28.80349808317004],[82.95161082857692,28.82762795846355],[82.87017951597193,28.83399989527902],[82.78341282873913,28.824021270565254],[82.69759907843479,28.86462283347703],[82.65050976491375,28.869115520864625],[82.62200170301622,28.81111633285252],[82.56598839075167,28.76566414608351],[82.60332426530266,28.742787146010016],[82.6166042652747,28.688735520427997],[82.56259182855013,28.64643652132844],[82.5558547651853,28.581513646237852],[82.46172114021851,28.52087258280352],[82.42038451463372,28.52843277045605],[82.39848899866843,28.461866379829644],[82.35305307793726,28.423796207928717],[82.38546089070758,28.37269283160896],[82.36505807756828,28.34070708146669],[82.41517876378896,28.2537236441309],[82.4025179524416,28.192441332601447],[82.27734413982023,28.24834727031032],[82.23503057709951,28.23982495735595],[82.10256432748179,28.258863644641565],[82.05613688980566,28.241980395778683],[81.99999999990013,28.16350747858729],[81.92427063008557,28.223835008678748],[81.7453048270562,28.3189058953908],[81.76849807732447,28.370030020868796],[81.66062420274483,28.41510939548226],[81.55910857639975,28.49487695780539],[81.4471129515016,28.554188395178357],[81.41856701465605,28.59545852039446],[81.31867901372556,28.636290958161226],[81.2870650136395,28.67320202085665],[81.25037257613354,28.59402770801239],[81.09233657637196,28.45684333345315],[81.06907876377397,28.394375520314043],[81.21242138903591,28.360501208264225],[81.23449645194978,28.288899082726516],[81.32237220111625,28.19716970801568],[81.3224971394315,28.133729269989885],[81.37308045130186,28.142292145066506],[81.37695057670783,28.176872708208975],[81.44766845103823,28.161224582848263],[81.48584613958775,28.118153083198308],[81.48021095167411,28.08244008294355],[81.64529570183521,27.993709895095606],[81.70016538942122,27.988089581968666],[81.80655570188418,27.903813207413634],[81.88734688964729,27.85686952021223],[81.92709939002486,27.875359707384632],[81.97009851493459,27.92882952016629],[82.0729333271114,27.922469207088284],[82.12524551546824,27.864892145556098],[82.21043432688276,27.84281208241174],[82.30580670321683,27.772461582036442],[82.36908514006723,27.742504519867737],[82.45066620238339,27.67854427010201],[82.54308432737986,27.685553707537622],[82.6069823899254,27.70578483200444],[82.7079960776569,27.71317639497471],[82.71507988992505,27.662921270000652],[82.75675707797683,27.589156519557775],[82.73774914120997,27.502362831979156],[82.9314228913534,27.50099558188066],[82.95620432816725,27.46776095670282],[83.03613582790621,27.448690957721567],[83.16650370288363,27.45746089450472],[83.27430001633275,27.383432206531154],[83.29638864192236,27.33471301929046],[83.33959382849247,27.33261101948301],[83.40552782934589,27.401908581915563],[83.3908999533702,27.479492957234243],[83.61686720435807,27.46934958211756],[83.83205082858291,27.370099144759763],[83.89269264205183,27.361369581241206],[83.87143026679342,27.42945451941057],[83.8941643915735,27.441532644715835],[83.88916482919359,27.45488520648712],[83.89181776717629,27.461381644547316],[83.88895670448841,27.4625347076107],[83.88679389162485,27.46324601918849],[83.88823301644061,27.471479020240622],[83.88860607950704,27.47186970732116],[83.88772051708827,27.47355689393555],[83.88797301704113,27.47369702000151],[83.88711970431098,27.4799265824459],[83.88373582974481,27.48211039447915],[83.88265970458178,27.483716144784296],[83.8824184542483,27.483900957263415],[83.87677995503094,27.489119956920547],[83.87894257903685,27.490493831425226],[83.87963932969137,27.4908170189903],[83.88331495512114,27.493126395266984],[83.88396745463439,27.49348576975251],[83.88473489200175,27.49428970700444],[83.88571220505429,27.495942269720047],[83.89069957892247,27.49665033204724],[83.89192276662243,27.497964581500298],[83.89522207973528,27.499287207238865],[83.89754270383276,27.49899333217661],[83.89947001662802,27.499671644930515],[83.89899932855622,27.500370831848443],[83.89822282961995,27.501272894128817],[83.89019870420691,27.50758958199367],[83.88719770431067,27.508322769580218],[83.8803736423298,27.50885639490673],[83.87796264176256,27.509989332042096],[83.87906320420359,27.516723770285807],[83.8847265166155,27.52479333124728],[83.87899264159716,27.5337671443383],[83.87847120388301,27.53402395743973],[83.86789557951744,27.54320733235255],[83.86772307965646,27.543243270160815],[83.86546632990724,27.544342269580113],[83.86313320433396,27.545039519358397],[83.85730732956966,27.548301082529008],[83.8531297043724,27.55800645723224],[83.85257407982999,27.558802519121002],[83.84382689229727,27.552192582122018],[83.84136039186865,27.547645206960794],[83.83960157964924,27.54493089474505],[83.8388673920166,27.546031207174508],[83.83928970465621,27.548107644652134],[83.83486689189363,27.55897658290303],[83.83485364218188,27.560434269725818],[83.83424970426051,27.56235833237122],[83.8428775166841,27.57209389461758],[83.8394092038717,27.583428831875153],[83.83823414159241,27.5855553319131],[83.83734257979626,27.586247019384473],[83.82982201717243,27.58981683238096],[83.82423714183068,27.5922062699035],[83.8239820167567,27.592361643974755],[83.81423870505228,27.58881527000875],[83.8137885790797,27.588780832269663],[83.81146901708155,27.592058645290308],[83.81179864199379,27.592799206418306],[83.80826520387609,27.596718395237815],[83.80412770462993,27.59642608229791],[83.80361189217513,27.596258331756644],[83.80231207953892,27.59687701945893],[83.79888332880262,27.598697643881223],[83.79873432912603,27.59879445769809],[83.79328939189196,27.604251644597753],[83.79280107890673,27.60463676937144],[83.79207320451485,27.606623645165143],[83.79422582895887,27.607561019325658],[83.79801620428447,27.609362769676125],[83.80023495407994,27.616327206835194],[83.79915407869782,27.619696831643523],[83.8004512041598,27.62071414474201],[83.80122351675197,27.62076264517998],[83.803922454158,27.620461832747424],[83.80513289126998,27.6256015823472],[83.80404314227724,27.628088894886616],[83.81191101678007,27.635261894720713],[83.81196176642243,27.635954707243968],[83.81208939191197,27.637796144676372],[83.80984495388157,27.644467706819285],[83.80999701664905,27.644639394592446],[83.81063095415527,27.64566927032064],[83.80918095473731,27.646529207457036],[83.80934320412564,27.647623832573856],[83.81201114190071,27.648209644659403],[83.81222751608703,27.648361144451314],[83.81168007897253,27.64932614488572],[83.81235739168034,27.650414707672667],[83.81274739167884,27.65463708223558],[83.81191732912151,27.655279082163986],[83.81348351645119,27.661026144840775],[83.79256801600121,27.66629914518944],[83.79056989148734,27.666129144544414],[83.78525345478317,27.66681826894802],[83.77494070405032,27.666021082007376],[83.77178732932185,27.666246144544004],[83.77022089198061,27.666302207381023],[83.75258776681204,27.66694201925884],[83.75020376659063,27.666667019167676],[83.7460845172867,27.666835519743472],[83.74468395450094,27.667606895242045],[83.73826226718995,27.669323395258516],[83.73284501648436,27.670772956706628],[83.73095157935194,27.671200269576843],[83.72514076733262,27.670929394675852],[83.72467345441646,27.670562894861746],[83.72416139123527,27.670327207734488],[83.72230607906238,27.66945251991791],[83.72112539152369,27.66779620792869],[83.720030141378,27.666196394947747],[83.70697720403479,27.66019883151091],[83.70597357861783,27.661514457826],[83.70275270437389,27.661742269590093],[83.69975326660006,27.668141895632004],[83.7016949550582,27.67398577032708],[83.70260601775357,27.678247956977657],[83.70449526764253,27.679833771111703],[83.70620276724395,27.68169445763317],[83.7040876427306,27.685516895588307],[83.70139382966158,27.68941476957599],[83.70107301720606,27.68981570802856],[83.69681557897587,27.694019269673618],[83.69371101675006,27.695508457049698],[83.69326189262233,27.696213707196875],[83.69168383064431,27.701718207429394],[83.69211657991627,27.704699896183286],[83.68824882872053,27.71276483283083],[83.68784301684184,27.713682269920866],[83.6829844555682,27.718342019868373],[83.6806290798682,27.719889083114765],[83.68178676634625,27.72015801907736],[83.68795814265422,27.71979964553725],[83.69684645450036,27.715983520822874],[83.69718920411856,27.715830833026587],[83.699846517303,27.71571701932504],[83.70411107996244,27.7157194582864],[83.7179857674293,27.714538958706044],[83.71847770468236,27.71402320740515],[83.72425601700166,27.71035683330126],[83.72616095466441,27.7100312706267],[83.72890114307336,27.70980183198901],[83.73566864219413,27.71425570823442],[83.74202720429213,27.715210895266637],[83.74408326762875,27.71616689528605],[83.74871664315862,27.719397582932174],[83.7613875799729,27.722136770395707],[83.7761513300199,27.723596582316475],[83.77960201791888,27.72370814591426],[83.78292664245066,27.72456408376553],[83.784377829873,27.72486195721359],[83.79187932956745,27.72256508331202],[83.79756220493186,27.721596457710405],[83.8054773927675,27.719547707660638],[83.81612039164281,27.713670644384763],[83.81663683092506,27.713585582908365],[83.81897126770991,27.712756020374115],[83.8232887662636,27.710552520382578],[83.82345782981503,27.710652019575093],[83.82657870394411,27.713666083023384],[83.83333326721657,27.71338551972599],[83.84531383046897,27.71040739408602],[83.84816357968549,27.714445082074917],[83.84654139157203,27.717645208059935],[83.84669014213642,27.719369332528743],[83.84648132944983,27.722521333093084],[83.8461495182857,27.72630277005686],[83.84509751653724,27.732306019906957],[83.84702358017415,27.734833144534036],[83.85102895462262,27.733864956902266],[83.8515432670082,27.733836208274454],[83.85930970517882,27.733939082622612],[83.86195539282716,27.7342621451819],[83.8631593287401,27.734037706774814],[83.87115239246901,27.73448989579208],[83.8746417665044,27.73359952020172],[83.87696732877924,27.733328582348236],[83.8792207672247,27.73545614628415],[83.88467876801082,27.734513083012416],[83.88561226789193,27.734861394937468],[83.88798939369565,27.732175895201465],[83.88988926727592,27.731798332826827],[83.8900125796169,27.730555144204573],[83.89586145454257,27.730868771076985],[83.9005792044668,27.73169139534167],[83.90222026755134,27.73063652025928],[83.90433664212242,27.730188958253848],[83.9061162052987,27.731670458225096],[83.90573670578442,27.734310207650026],[83.90883189257784,27.73486283295341],[83.90969945506583,27.734558770370995],[83.91022989229577,27.7333248321753],[83.9084502041137,27.73255195840619],[83.90810001620287,27.732064332503],[83.90821658093051,27.731759770796828],[83.91865851747667,27.728460707695547],[83.92691420392742,27.729367833159017],[83.92842583028789,27.73193645790127],[83.93184364257013,27.734625582804426],[83.93628770541335,27.73745733298955],[83.93845245451723,27.738882145094976],[83.94533251728188,27.74311358212617],[83.94670333049436,27.743851957901597],[83.95405964363772,27.746449520129318],[83.95711776757099,27.746612957522018],[83.9624267048286,27.74744264596137],[83.97196864303851,27.749301957419448],[83.97264576688866,27.749586394096866],[83.97729264214178,27.747393957565123],[83.98104332948611,27.748798083464806],[83.98476495523857,27.748232145497184],[83.98798839255033,27.747864644737604],[83.98977582929115,27.74826645823049],[83.99236133071088,27.74922564544721],[83.99603583108882,27.75179358310743],[83.99571433065188,27.75180489567947],[83.99588708052443,27.75249758319694],[83.9949373298939,27.75724064543948],[83.9954807056701,27.75920376923864],[83.99513207988161,27.76164302020925],[83.99587026769876,27.762042394740774],[83.9959653296363,27.76395808289925],[83.99781070519992,27.769068958865432],[84.0011315175056,27.774270082698195],[84.00194539316544,27.78247670843342],[84.00160482889981,27.786071270772595],[84.00232258052273,27.788196769865067],[84.00854283048727,27.796635582566125],[84.0142482671439,27.80073508275791],[84.01595526762156,27.805949521053606],[84.01714945488351,27.811136894252343],[84.01716151749008,27.811502394919614],[84.02605895385767,27.818245395608585],[84.02879358085914,27.820309583420567],[84.02882414162087,27.820787895045385],[84.0276844550736,27.824231456716404],[84.02738345468276,27.82841720818766],[84.02769170450864,27.828940582142195],[84.0281797045298,27.829141332406607],[84.02783026755287,27.83105033320635],[84.02736083043806,27.83178827101193],[84.02721251694413,27.832550958160255],[84.02537820573968,27.83630377060257],[84.02511833044667,27.836394083220398],[84.02434295566292,27.843998333156605],[84.02725014188059,27.851044582541476],[84.02771657975643,27.852086957946824],[84.03029557907774,27.85625851991483],[84.02837682962706,27.857495395296326],[84.02560720550821,27.86037964610381],[84.02221451758595,27.855583083192812],[84.02292239195486,27.85490833265351],[84.02387995589532,27.854068770557376],[84.02464308011412,27.85210783301011],[84.0230440171677,27.85089414574827],[84.02220558102283,27.850738583718737],[84.00244432984198,27.85451983272418],[83.99976132932193,27.85643333283207],[83.99958332920733,27.856963645056226],[83.99635857978467,27.866050082045717],[83.99022789150405,27.866386019299398],[83.98785639185905,27.86576983261176],[83.98528939129244,27.865437832589976],[83.9841335169483,27.865349769176532],[83.97556276740784,27.86941901977201],[83.9705635791459,27.870090457208903],[83.96220595454122,27.87221620721226],[83.96169014208647,27.872362770625443],[83.96035557964632,27.87282939556019],[83.9574389541445,27.871084395128776],[83.95515957925124,27.869840395318022],[83.94498489243887,27.875001582057394],[83.94205276712154,27.877685519671047],[83.94166514223258,27.877816270304663],[83.93909476651032,27.877623332450867],[83.9301198922193,27.869760019309467],[83.92780332946012,27.868095832856454],[83.92748220493985,27.868055081876605],[83.92173839241292,27.87146589563463],[83.91247801664719,27.8730871448559],[83.91236601687825,27.87348877039051],[83.91259639171017,27.873949207090277],[83.91543739232185,27.876557144796436],[83.91587939202037,27.87722976933844],[83.91567957884956,27.877802769682148],[83.91539820436373,27.878030519393008],[83.91087320433496,27.88045102039831],[83.89474064206706,27.885803081946733],[83.89249026671251,27.88576302074688],[83.89178545453518,27.88554589472733],[83.89066214194435,27.88513658268721],[83.88389645405817,27.882139082952392],[83.88231307978486,27.883579581932224],[83.88252120449005,27.885763956941105],[83.8801347041533,27.888000207543598],[83.87871839243991,27.88785909132406],[83.87636564995483,27.88599096381199],[83.87604076626843,27.885814707482837],[83.87492395217873,27.88531951918054],[83.86754127181229,27.88363159422272],[83.86318309242586,27.882147147173157],[83.86220403019189,27.879217369086348],[83.863255078659,27.87717639547435],[83.86204601571109,27.873905642131717],[83.85365676734597,27.87439558199054],[83.8532133808929,27.875048745203458],[83.85298095650597,27.876561083827028],[83.85389146521902,27.879550406925773],[83.85207035516282,27.881398571287093],[83.84617500687114,27.880730263490932],[83.84951381730889,27.872412334062005],[83.84846598931404,27.868800941810093],[83.8430258922312,27.86809539488661],[83.83799764237733,27.86963294780236],[83.83636020985585,27.870454587309382],[83.82453782925745,27.876825644587882],[83.82235328967266,27.87740881356592],[83.81999326267896,27.875154588213718],[83.81414070413024,27.87370727057413],[83.80927626668642,27.873041707508833],[83.8081271435529,27.87345983290504],[83.80796057921742,27.87359495694176],[83.80469066584163,27.876401866952676],[83.80426651678636,27.87678483245412],[83.80256583584469,27.879041083079585],[83.79944620997469,27.882294823047687],[83.79789984010557,27.88287872137596],[83.78629983486957,27.89106602157966],[83.78604033369453,27.891649070947892],[83.78461481831926,27.894095952666135],[83.78374634931464,27.89557421238004],[83.78346694254543,27.8961226450441],[83.7819715120757,27.89806758005483],[83.78108975918508,27.899079271491246],[83.77142326217387,27.906353963064987],[83.76614740827631,27.908720448989584],[83.76431769530546,27.909776210803557],[83.76330128062966,27.90989044089116],[83.76051975488286,27.909408646192105],[83.75985326821382,27.90932269978282],[83.75971920897439,27.90929895408351],[83.75880814178237,27.906352769664636],[83.76029157889332,27.9041688326256],[83.7602523288819,27.903825894149747],[83.75991345444243,27.903292769745576],[83.75662426769583,27.903688645014995],[83.74696226819418,27.907750769382574],[83.74481057994439,27.905542333911626],[83.74609832997402,27.90366283357298],[83.74801226625317,27.90323320674713],[83.73689807928298,27.905161958457654],[83.72029664197652,27.920061957593305],[83.69742576628613,27.91859433326192],[83.69389451621902,27.922275708956874],[83.68954864225611,27.921787645083782],[83.68388033051292,27.916668583488388],[83.68264208006798,27.917922456955864],[83.68221164205369,27.918733833399756],[83.68393214135529,27.92253977059397],[83.68415370373049,27.923666208328882],[83.68124595453725,27.926346895792676],[83.67027045561707,27.922232457861696],[83.6669910166222,27.917592269967315],[83.66664182875746,27.917049895136586],[83.66504795399993,27.915042395190426],[83.66372889137529,27.913107707954396],[83.65824170399151,27.904635083442372],[83.64957495452057,27.901285145692952],[83.64442589244106,27.90060633291597],[83.64375032981394,27.902062207604843],[83.6376653918444,27.900029146228178],[83.6345880161241,27.90522645783483],[83.6335053304067,27.910027395048303],[83.63425532902028,27.914544333554204],[83.63322920526366,27.914424332517],[83.62945058047995,27.91452477150108],[83.62499989233123,27.91597258376777],[83.62846595414055,27.92565951967117],[83.6211023915622,27.92912333407463],[83.61963164118737,27.93006239536328],[83.6167243290646,27.929501519679434],[83.61558564256342,27.92730745897211],[83.61041958059923,27.924472457737807],[83.60026333078815,27.925120270883838],[83.59004239184299,27.931013207193814],[83.58364714190213,27.93009145785453],[83.57547145464395,27.931497020870893],[83.56930983058425,27.937425644977566],[83.56824039188064,27.934976394445073],[83.56662426699637,27.934089083744254],[83.5640436426001,27.93430883398554],[83.55099801764447,27.92807552046895],[83.54887645488452,27.928896644664462],[83.54410626818981,27.928136332625684],[83.53624082905105,27.938405832263413],[83.5344048298191,27.93892533283787],[83.53290320391977,27.934937833314393],[83.53291314142837,27.934479770824794],[83.53103151599174,27.93019989540892],[83.52970364091038,27.92809020729726],[83.52739032920039,27.924769957967214],[83.5239168929503,27.925721457779105],[83.52436683006522,27.930664394346365],[83.52090601669937,27.933833895717783],[83.51773014183266,27.93768564527636],[83.5080862043149,27.940135769949848],[83.5078890792177,27.94004252014622],[83.50614214254591,27.938459082920417],[83.50503139258478,27.937232145047517],[83.50997082899062,27.933238082271714],[83.51075170492732,27.93091452008906],[83.50261732892665,27.926977457243936],[83.49855532866553,27.927071020910944],[83.49663282904186,27.928090645267105],[83.49306345581391,27.929110957604678],[83.48908039174671,27.92501901981194],[83.4889542663264,27.924560520251873],[83.48652651588606,27.922622332854417],[83.48524320491003,27.922642332877388],[83.4846586428821,27.9228409571445],[83.48460445423223,27.922879145056527],[83.47751270544705,27.925510395888125],[83.47698657866772,27.925756583499606],[83.47602633025099,27.92615233286392],[83.47538070425617,27.926416083335653],[83.47317876728636,27.92693558301079],[83.46888701632281,27.929134895758864],[83.46808570509126,27.9300682076817],[83.46644157981513,27.9316299577564],[83.45752064236382,27.933091083586703],[83.45466976719604,27.93252252049797],[83.45325901689017,27.930962333444995],[83.44786495430424,27.929857771718844],[83.44650420450552,27.93073002057406],[83.44739689135349,27.939966457286232],[83.4495081415875,27.946448332624527],[83.45690620395823,27.949266520133847],[83.46425189161158,27.95435852022956],[83.46566682916091,27.958380269533848],[83.46719270437984,27.961906020246715],[83.46808782839065,27.963211395189774],[83.46898382924036,27.964324957330973],[83.47294932864867,27.969107832560496],[83.47472764176729,27.97089258302634],[83.4759005789486,27.972465207703237],[83.47748020394829,27.97436652019877],[83.47805939162765,27.974616957106946],[83.47995051570382,27.974912895214004],[83.49018307928571,27.98077708289611],[83.49512839186184,27.97797489522526],[83.49793189164353,27.977689519655655],[83.49863764181379,27.977590582539392],[83.50061064196763,27.97696602046551],[83.50996776679904,27.970424708033875],[83.51478014159034,27.967073082257002],[83.51767545405903,27.966575582697033],[83.52020789098145,27.96566158191655],[83.52878332958704,27.966291395131805],[83.53514276672536,27.967129832176056],[83.54317032934728,27.971233894628597],[83.55609276606833,27.976373333062895],[83.56109582860967,27.973505770075292],[83.56676651636172,27.97483689530651],[83.57442407900811,27.975727207944317],[83.57935782900068,27.974151645182303],[83.5808803911172,27.975417583055048],[83.58694757916749,27.981843957632577],[83.58634901649395,27.984497831809563],[83.58679939157872,27.987626520147842],[83.58893582912526,27.988072957101338],[83.59093982891005,27.98832251986846],[83.59972701648866,27.992096145320886],[83.60012864202326,27.99244483316255],[83.60084657890656,27.99318020700099],[83.60530282936213,28.01376189529526],[83.60427451665566,28.013803957486687],[83.60251257929218,28.01413733257192],[83.6008470168764,28.014967395129247],[83.59993095395043,28.017834770158572],[83.59625726655969,28.021553769890602],[83.58863051648518,28.02595127033493],[83.58557845398252,28.02654902092064],[83.5800914536577,28.03388795736339],[83.57831101723968,28.032982269915863],[83.57562476656977,28.032389582513247],[83.5639127669607,28.035171083079092],[83.56482439083305,28.03762889515741],[83.563429267147,28.041787332419517],[83.5625893920868,28.04178464434591],[83.56240076648226,28.041811082615425],[83.56370445339786,28.050156832571815],[83.56487395426961,28.05572464507634],[83.56422432898967,28.061187333129],[83.56294445432314,28.064037520315367],[83.56776382943724,28.064278395631504],[83.56861932931866,28.064384895146873],[83.57033232917371,28.065556770228795],[83.5707253913638,28.06627095783847],[83.57172014137149,28.069038082741372],[83.57323295483707,28.071642083215636],[83.57877507910666,28.07540914541579],[83.58198895392712,28.076603520636013],[83.58245189074222,28.0770291445794],[83.5817863915288,28.07814845698573],[83.57843689174922,28.08156333208217],[83.57803232902882,28.082473582689715],[83.5775763286847,28.083843957932345],[83.56439770389096,28.09331089538159],[83.56340995420607,28.103368582194378],[83.55998451657223,28.105230332613814],[83.55983032960609,28.10543970737666],[83.55883514072923,28.10588327009691],[83.55660214117592,28.110458582697504],[83.5567585791452,28.11132095699662],[83.55657445374811,28.115636707268266],[83.55441276593643,28.11757458260098],[83.54962357926485,28.11983776969737],[83.54557082943029,28.120620894838453],[83.54287201613067,28.120411083005138],[83.54184470436968,28.12028133241762],[83.54062614188302,28.12009220768931],[83.52957645429001,28.119314707807575],[83.52866801671564,28.119719957610016],[83.52588557905631,28.12053845758379],[83.52524595423745,28.120357958253237],[83.51846614159922,28.121629457533516],[83.51495526567305,28.125001520403885],[83.5124338913111,28.126770520143452],[83.5118490163191,28.126240457930862],[83.51170182877644,28.12614289587799],[83.51051870407497,28.1263485204679],[83.50965995404368,28.126426645473373],[83.50879857889134,28.125834645152793],[83.50260126703489,28.11966851998625],[83.50212176650638,28.118170833117517],[83.50000014079393,28.116746208071106],[83.4954697034641,28.115346520325716],[83.49252982958802,28.1136953326735],[83.48565001593556,28.116307269664787],[83.47950701683544,28.117405520848138],[83.47690045329335,28.120279082313857],[83.47955801558999,28.125688457656224],[83.48016595369586,28.128793144887766],[83.47572089080654,28.132153832233598],[83.46873732866482,28.131935207044194],[83.46555839160652,28.130162958054143],[83.46124276634066,28.131732207575396],[83.460940953862,28.131841583122593],[83.45655814114536,28.130224582298695],[83.45555570373278,28.12932939533539],[83.45408264210033,28.127247769668884],[83.45383032920637,28.126957956844308],[83.44725551612925,28.124914457935915],[83.44655914139133,28.125207269999578],[83.4449437035891,28.12667183213938],[83.44429914149225,28.127844708166776],[83.44237926609031,28.129479520063853],[83.44202851610322,28.129875145321762],[83.43949189103802,28.129988895171437],[83.43864270439735,28.12944164511589],[83.43426295387229,28.12933789482804],[83.43229007872424,28.128007583483225],[83.43123201644448,28.127150332621795],[83.43054495418636,28.127122645193992],[83.42527564195734,28.125189645086095],[83.42245645440192,28.127819832918988],[83.42152464164894,28.13290601979702],[83.4207247036822,28.134346707634506],[83.42007320421504,28.137049145201956],[83.41561939182151,28.137630395026747],[83.40779557870303,28.14840427044078],[83.40562157917259,28.149001832168892],[83.3996525791033,28.15344089568083],[83.39889132817234,28.154137020407234],[83.39834982838192,28.154511395584507],[83.3963922030378,28.1575013320209],[83.39633157883935,28.15849608202859],[83.39314801656775,28.164239958407393],[83.39193564141675,28.167357207369264],[83.38235276696668,28.16823033216417],[83.37954926628566,28.17152083282025],[83.37679039176322,28.1747166456567],[83.37648589121096,28.174979270177232],[83.37486251599239,28.175876582238516],[83.37302039147795,28.176064457808536],[83.3718520165574,28.1785071450887],[83.37194564137832,28.180795395391215],[83.37037920403708,28.183680645345532],[83.36983664124807,28.183926332933993],[83.36745320310291,28.18521495800394],[83.36159157848863,28.193700457210355],[83.35266839183288,28.194732520089758],[83.3469063914169,28.193464333012628],[83.3396487662776,28.189803708274553],[83.33706545380772,28.19002133251854],[83.33333332847042,28.189044332430058],[83.33313207908225,28.18900951967362],[83.33067889131786,28.18897945713627],[83.3251865786977,28.190080645505418],[83.32346576643204,28.189920957386335],[83.3181477037536,28.190487958352662],[83.31678539183241,28.19191383255736],[83.31650351552486,28.19239077001805],[83.31208001568024,28.194909082188417],[83.31182001628076,28.195291333628177],[83.31158057898057,28.195901582991723],[83.30277226632711,28.195162082164416],[83.29688232835684,28.19277195755984],[83.29377926620026,28.19266570715672],[83.28805676670646,28.19167045802527],[83.28111170364224,28.190097645390097],[83.28063407909951,28.19059376988662],[83.28005057917096,28.190879520473516],[83.27979251691119,28.190821770508364],[83.27793539080568,28.188594082351074],[83.27267776616605,28.191772332327332],[83.27308051585317,28.19265439458468],[83.2731147665333,28.193802958339916],[83.2728726411595,28.194492082743466],[83.27267326595853,28.19525589584299],[83.27000526613017,28.197734770043667],[83.26930451619052,28.198356020813776],[83.26894301660701,28.19861126999416],[83.26082332833397,28.20135858283237],[83.26079482881835,28.202258645020493],[83.255804516865,28.20974245774829],[83.25548726662413,28.21178939566414],[83.25500807905968,28.212474894900538],[83.25411607929368,28.213600395541846],[83.2537897045313,28.21402058308348],[83.25210214110098,28.214934082042305],[83.25175614133292,28.21510589572057],[83.2497199539128,28.216570332854644],[83.23727676680937,28.220946208200985],[83.23626157880886,28.22126995784231],[83.22776707828808,28.233360457818947],[83.2281564541571,28.23416820819631],[83.22412295431093,28.2368008322926],[83.22328520434877,28.238670958098282],[83.22310707832906,28.238954208569908],[83.2176366408184,28.247995082307227],[83.21665232924164,28.24875877040097],[83.20669939096416,28.254716332892485],[83.20031826667474,28.25846952035215],[83.18778682909897,28.26850764511181],[83.18626701620991,28.27038477034091],[83.1777539536821,28.26372783297319],[83.17586839191279,28.261916020108288],[83.16919789096994,28.259091582310703],[83.16666645409362,28.261930144860344],[83.16607651591852,28.262504145250148],[83.16489276618825,28.263164770138076],[83.16380376543151,28.266822082673002],[83.16137582883147,28.267838207767113],[83.15557057821968,28.268716207786838],[83.15009445339638,28.264476833339245],[83.13981576628464,28.253883145191026],[83.1394114535758,28.253460957557195],[83.13706864140471,28.25134570803806],[83.13210101574936,28.250086895493894],[83.12835257850872,28.254548270286477],[83.1271275786749,28.25740570780721],[83.12635332894303,28.25762864524586],[83.1244037039678,28.25656933200912],[83.12345420334884,28.25657227009424],[83.11566051572026,28.253081458042914],[83.10973832896076,28.25196008259178],[83.10016982837493,28.255897520454255],[83.09905782835614,28.256021082806797],[83.09854195294884,28.255852958147557],[83.09641189069623,28.256781957821147],[83.09590626666096,28.257473520286794],[83.09592876589988,28.25756839516538],[83.09681139113286,28.261495395496183],[83.09883626598094,28.271679395687613],[83.09129920349551,28.28161502021709],[83.08061057841553,28.29172758276178],[83.07138826645541,28.30176352037023],[83.07086095347029,28.306637583257896],[83.06582339113663,28.315004957412896],[83.06467989056455,28.3163913954466],[83.06158189159106,28.317586144784798],[83.05123139091603,28.32062127035539],[83.04308014093579,28.322694082665805],[83.04282051565434,28.322466645019688],[83.03320439057023,28.32236052052167],[83.028022952897,28.324451145703847],[83.0219507655155,28.32524933358991],[83.01967164063376,28.326397082559367],[83.01769095307509,28.3295683960647],[83.01224939099666,28.33355401960239],[83.01131082883177,28.33333289519703],[83.00615845364979,28.332535145280758],[83.0010976411433,28.340493645365484],[83.0011647665408,28.340780645110726],[82.98813257835587,28.354627083073467],[82.98402039142798,28.357533895173162],[82.9719795780951,28.358154270902958],[82.96932920407954,28.35750258257815],[82.96814026526107,28.357942521030566],[82.96753889130684,28.357953769750736],[82.9666745789687,28.358247270695017],[82.96358076633936,28.359500707991344],[82.960960203051,28.359557457910398],[82.9575144533294,28.359944020700027],[82.95833345332625,28.366740958228718],[82.94986764027942,28.3796955825851],[82.95231757789395,28.383712144599826],[82.95108370355013,28.385083332829595],[82.95023332890509,28.385622769575207],[82.94916132893223,28.38745539365152],[82.9460491404555,28.392132958269485],[82.93667457866894,28.401573770413222],[82.93628932888947,28.401471457241996],[82.93384026451668,28.4012380202185],[82.9316242657473,28.40118002024178],[82.92973076566238,28.402063083444602],[82.92806026416991,28.40167089449625],[82.92465001608542,28.401113895789706],[82.91933520355684,28.401899706306438],[82.91806745355018,28.403656207268227],[82.92115088980177,28.409022831538493],[82.92108089107035,28.409252395181966],[82.92049607723226,28.411248894620826],[82.92038695259583,28.41503133253002],[82.92035607797067,28.415432645100566],[82.91452770399042,28.428371895546604],[82.9160572016786,28.434306082859507],[82.91392763944907,28.435399082002107],[82.91089176564253,28.43766464510736],[82.90800776574582,28.442893456367983],[82.90780951559674,28.44311976896222],[82.90042188985836,28.447818144791597],[82.89919789007064,28.447758645645024],[82.89189864070977,28.450296018946176],[82.89144757854297,28.450287832417587],[82.88996676475443,28.451162332275885],[82.88874532893385,28.451984831534787],[82.88796220289339,28.453424519326177],[82.88807945290449,28.4569832077089],[82.88670114024546,28.458088644475424],[82.8851024523164,28.460394645596466],[82.88398645301243,28.46711058298706],[82.88149589032315,28.47181414430736],[82.88066814082208,28.473253394128903],[82.88085888972603,28.475323706324048],[82.8849625780606,28.478396207718845],[82.88769914130239,28.479129271198985],[82.89697482802598,28.47781064564481],[82.89732151577539,28.4776825830848],[82.90245926618223,28.475601270382356],[82.91400557829485,28.47956527062081],[82.9133285785511,28.4809698326917],[82.91302326591108,28.48117495815785],[82.91180107825721,28.482015646205184],[82.90449414149151,28.48687277126146],[82.90209901575702,28.489204207907903],[82.90175207889536,28.48935252050245],[82.89980695322839,28.49079414543354],[82.89627157797099,28.49412239513248],[82.89538626556379,28.49523652024925],[82.89378920270957,28.497409458579682],[82.89353339145293,28.49824664556627],[82.89201820287781,28.500429333447016],[82.89142695259187,28.50275270767139],[82.88512420331938,28.51046158293576],[82.8814173911997,28.51528377022987],[82.88362270332516,28.515159769907484],[82.88643357754762,28.51510164582436],[82.89088714082897,28.514867332861172],[82.89794389069806,28.516059520930185],[82.91131014105025,28.523945832434265],[82.912422328128,28.524593208509827],[82.91601114110136,28.527457645454035],[82.91504732867133,28.538472645296395],[82.91547182846216,28.54775027095826],[82.91677751636934,28.552080896016605],[82.91758739094541,28.562304583289915],[82.91775864074873,28.562892520473497],[82.91857576655843,28.564419458691134],[82.9201912664139,28.564470771309118],[82.92324564017423,28.567199896258273],[82.92379520418541,28.567127582671844],[82.92863920363641,28.567375708322345],[82.93350526615518,28.565690458847655],[82.94256839091855,28.56117727051469],[82.94580070274031,28.55796058261484],[82.9470089536004,28.557872958070618],[82.94967232821546,28.556188144767134],[82.95695126638788,28.55165552028609],[82.95712376624886,28.55161852127776],[82.96937139127675,28.54694964590948],[82.97177689069099,28.544650958075295],[82.97212145334248,28.544457333139462],[82.9728531408598,28.54399589549422],[82.97622726677503,28.54310764500184],[82.97812895338853,28.545046395374925],[82.9810292040346,28.549293645185628],[82.98257889060335,28.55254708298156],[82.98413357830208,28.558780770616124],[82.98463582808108,28.55990127012757],[82.96937545351443,28.578887583595133],[82.96832132846657,28.57939627072136],[82.95458826623553,28.59796602001586],[82.95759532756239,28.605190207462158],[82.95981595424297,28.611578082962183],[82.97488720318194,28.62203645821603],[82.97974614037213,28.629048582825874],[82.98572832809992,28.63051470888678],[82.98626207843222,28.630245771125487],[82.99148270406357,28.62606602083025],[83.00000001588808,28.62343777013706],[83.00083989094827,28.62333345867222],[83.0055388288539,28.62336795846454],[83.00871689087188,28.622908582964783],[83.01109082857892,28.6235710838385],[83.02520182820189,28.625505145146406],[83.06149926637812,28.620590583088983],[83.0828482031821,28.625476583577495],[83.08743695345271,28.631215208814865],[83.09230176591382,28.633348208253267],[83.09833132812832,28.63501958388673],[83.10295014183566,28.633949333095302],[83.10619982855928,28.63307283314481],[83.11781801628848,28.632925645602086],[83.11811057834058,28.63708314577059],[83.1177516418249,28.638526895799657],[83.1177507658852,28.639515020501847],[83.11743501661277,28.64191114538312],[83.11711795343086,28.642515895392307],[83.1269868284794,28.66387883284193],[83.124360453772,28.66622395806928],[83.12369970387829,28.666709207963606],[83.1236367657242,28.66758414579175],[83.12228682847439,28.67543752052518],[83.12359676567826,28.67615439620846],[83.1242187035304,28.676390832470986],[83.12687245360092,28.674977645901663],[83.12712032834054,28.674855145648507],[83.12807607834839,28.674477832386117],[83.13307232942452,28.673921082791765],[83.1352370785284,28.673623583461676],[83.13781382864533,28.674402520459978],[83.13784751634984,28.67450202055187],[83.14094207901377,28.67527520818436],[83.1417847042008,28.675979896255285],[83.14312007872871,28.677831520308473],[83.14345489093051,28.678142708219468],[83.1436902039398,28.678268270664205],[83.14641270358345,28.67994814579032],[83.14624676607548,28.68731070832257],[83.14618120369965,28.687666770605006],[83.14453632838888,28.68944308363143],[83.14433876622115,28.689987833571706],[83.14486076691094,28.691006332875986],[83.14567395369005,28.693621645922292],[83.14674851673072,28.69382252029311],[83.14714420404187,28.693899396140296],[83.14933889067731,28.69445689576918],[83.1498143919207,28.694586208386852],[83.14997426619948,28.69458720843295],[83.1519690785102,28.69665495845959],[83.15243307922327,28.697733957855917],[83.15307357908245,28.699585645760976],[83.15353595382129,28.70023827028001],[83.15231614127697,28.703632708282896],[83.15211895412648,28.703929270519495],[83.15204820356178,28.704055145928294],[83.15202526635301,28.704558082789333],[83.15213401597214,28.704840771184706],[83.1522783292815,28.705270333259307],[83.15231807841667,28.705534520801564],[83.1526299534097,28.706964583149045],[83.15246095281077,28.70785233271903],[83.15252501601674,28.70875514593331],[83.15274151610816,28.71039208292831],[83.15274545334006,28.71247439567685],[83.1519020781185,28.71336695841842],[83.15183920381628,28.71339139569642],[83.15023107840159,28.71548839617259],[83.14901232795665,28.717179520018874],[83.1487076412447,28.71767389623335],[83.14867914172908,28.71775270832086],[83.14744439144556,28.72034158309765],[83.1473505786663,28.720751583119124],[83.14753245395963,28.721522020624775],[83.14793151642641,28.72225545822289],[83.14792764124769,28.722291521036937],[83.14666689156383,28.72446064534256],[83.14639382861236,28.724871770415916],[83.14631214049297,28.72508327027674],[83.14619814153104,28.72540745788791],[83.14631945377982,28.72673920814799],[83.14682089057169,28.72818852048391],[83.14741489098446,28.72934277065241],[83.14792426609205,28.730210020176344],[83.14807482879036,28.73073889528382],[83.14689864145919,28.731886583099367],[83.14674876584291,28.73190364593654],[83.14595139094399,28.73223252081425],[83.14498307920582,28.733070145770682],[83.14465164126028,28.739587833012138],[83.14505326679489,28.74299914589392],[83.14511476603366,28.743162021210367],[83.14524914183448,28.7435440199406],[83.14545676561733,28.74410039541698],[83.14556057885767,28.744791395806317],[83.14558070388642,28.74487720821662],[83.14611232912074,28.74561152085505],[83.14741214085768,28.747027458450475]]]},"properties":{"OBJECTID":5,"PROVINCE":5,"PR_NAME":"Province No 5"}},
{"type":"Feature","geometry":{"type":"Polygon","coordinates":[[[83.68212620376136,29.12349964609183],[83.59066364171377,29.174461896299533],[83.57412770383053,29.202483271186054],[83.5223060165095,29.217114021395048],[83.51620726675202,29.253834146328813],[83.472752953586,29.273785708443768],[83.41718820427229,29.359011771576036],[83.4167485167307,29.42024702158284],[83.37347414081898,29.428516646626008],[83.31787026649965,29.50889277208381],[83.28412564118543,29.498699771477334],[83.2562483286975,29.544616208970922],[83.26287714066757,29.577605208613534],[83.14404876633756,29.624826146909186],[83.08401389092836,29.606422584234906],[83.03943301592102,29.649524396433776],[82.94293076554243,29.674113959291844],[82.93643389131108,29.704458522243044],[82.8284187656136,29.68987383440998],[82.74670126535119,29.769480896526204],[82.72645201594781,29.837515772135248],[82.61054507849263,29.884482209486407],[82.5312163907239,29.97099514760805],[82.43406245291993,29.98901914691612],[82.39478613996846,30.02461120904013],[82.36491314012937,30.010445022519832],[82.24595782739186,30.0754193963881],[82.16810245216647,30.076089272601905],[82.20737732800137,30.153902334725046],[82.10026682765204,30.23934808424673],[82.12733195250763,30.3018652719648],[82.10680745210232,30.349590647190666],[81.99999976517705,30.320711334360624],[81.86960782703966,30.377339272089785],[81.75295357724588,30.388815396613325],[81.63630188872122,30.444925147677452],[81.60862051512476,30.41222170976414],[81.56649482707468,30.429864335370837],[81.54833045258835,30.372230084151113],[81.48962732653996,30.382067272486665],[81.41009026405447,30.421316709198834],[81.39918907701434,30.37066408477972],[81.42505670240496,30.305144335043053],[81.39205651429677,30.23372289679429],[81.3982195152185,30.2090325846861],[81.3358663269695,30.160438459867066],[81.25984863990288,30.151326772612492],[81.2864082639303,30.11653695971296],[81.2737172650398,30.04528289698817],[81.38371326445565,30.007227896650136],[81.45628632685253,30.002442147187367],[81.47246432736688,29.88983345894701],[81.51828595203511,29.92243427252373],[81.68916345223158,29.94928345936421],[81.71258913947725,29.914313834216102],[81.80103745281627,29.90168683467971],[81.78217432758322,29.807054084178674],[81.74160276425624,29.79249295948256],[81.69914038981722,29.680383584734727],[81.70465432663593,29.63717745927238],[81.74035363920916,29.60619902176751],[81.79150401499834,29.59664633486051],[81.80082895219442,29.55919495858052],[81.77671076538957,29.508013084036634],[81.81003357718788,29.456308521720928],[81.79115401414651,29.388990020872825],[81.7414591398275,29.333926896309265],[81.67183645179085,29.31685558391814],[81.61929245238485,29.370609396306634],[81.50973476454783,29.31456570854067],[81.48563113866618,29.279560583554144],[81.49999988938345,29.23879527118487],[81.48403557678051,29.20121852131774],[81.50086057655443,29.151686271404344],[81.56276870201407,29.12489502068871],[81.47057201438702,29.077464521470517],[81.41713763849128,29.017086020503484],[81.44564488920031,28.941668708244322],[81.51014126350856,28.8900860832062],[81.58003082716101,28.7554294583029],[81.54284720243652,28.748317145619808],[81.51970963998798,28.806934771322688],[81.46456382725887,28.85385639545632],[81.46511220146698,28.894562458690586],[81.41531638904019,28.913901458385624],[81.35081276439763,28.88994070779745],[81.30492526438951,28.925298708768423],[81.26461932662068,28.90227058392037],[81.17050176354559,28.921366708207074],[81.12244257616402,28.962544582766327],[81.0498650765121,28.977943458323978],[80.98798838865326,28.934575083473362],[81.1034960136302,28.845170583056017],[81.20173451403667,28.851455458302837],[81.27400632603116,28.727269958341935],[81.2870650136395,28.67320202085665],[81.31867901372556,28.636290958161226],[81.41856701465605,28.59545852039446],[81.4471129515016,28.554188395178357],[81.55910857639975,28.49487695780539],[81.66062420274483,28.41510939548226],[81.76849807732447,28.370030020868796],[81.7453048270562,28.3189058953908],[81.92427063008557,28.223835008678748],[81.99999999990013,28.16350747858729],[82.05613688980566,28.241980395778683],[82.10256432748179,28.258863644641565],[82.23503057709951,28.23982495735595],[82.27734413982023,28.24834727031032],[82.4025179524416,28.192441332601447],[82.41517876378896,28.2537236441309],[82.36505807756828,28.34070708146669],[82.38546089070758,28.37269283160896],[82.35305307793726,28.423796207928717],[82.39848899866843,28.461866379829644],[82.42038451463372,28.52843277045605],[82.46172114021851,28.52087258280352],[82.5558547651853,28.581513646237852],[82.56259182855013,28.64643652132844],[82.6166042652747,28.688735520427997],[82.60332426530266,28.742787146010016],[82.56598839075167,28.76566414608351],[82.62200170301622,28.81111633285252],[82.65050976491375,28.869115520864625],[82.69759907843479,28.86462283347703],[82.78341282873913,28.824021270565254],[82.87017951597193,28.83399989527902],[82.95161082857692,28.82762795846355],[82.97768132932993,28.80349808317004],[83.03805695336575,28.792666646648456],[83.14741214085768,28.747027458450475],[83.15251189131078,28.747785958355337],[83.16302182919412,28.746556520367164],[83.16317870423387,28.74653945842931],[83.16343620441734,28.74651177010213],[83.16562139151404,28.746238771002538],[83.16798295365044,28.74526739617346],[83.16829082935834,28.745142957881228],[83.17506807892875,28.744309146050284],[83.17546470423275,28.744248395047464],[83.18063595438582,28.74372939539535],[83.18274151640793,28.743884270342846],[83.18798545336603,28.743527833043117],[83.18858082884225,28.743445645799966],[83.19143045395236,28.741730145829592],[83.19204539148171,28.74127583351293],[83.19560132883834,28.739605020855095],[83.20660795329445,28.733242708584157],[83.20688432844906,28.732998458112377],[83.21237639105766,28.731929583283716],[83.21365001633524,28.73245589532337],[83.2163702038219,28.73327483326699],[83.22522714101979,28.740578957852676],[83.23332132811686,28.74212083380951],[83.23358682866927,28.741998270603744],[83.2379904534967,28.740150645835683],[83.23849426629744,28.73981733280374],[83.23959751681201,28.738623333500072],[83.2400338291979,28.73745495857952],[83.2405103286888,28.73677627080832],[83.24141995426754,28.734789395014616],[83.24734382815518,28.732054333640633],[83.25499364044418,28.72835170876442],[83.25699839116288,28.72740839548112],[83.25767970315582,28.72706470876932],[83.25830464204563,28.726921521411157],[83.26597795361971,28.726291083166984],[83.26786251534287,28.725958396063163],[83.2683218287894,28.725924770411893],[83.28115070364214,28.72376677161924],[83.28209707821765,28.724279520983146],[83.28460495465498,28.7257975828922],[83.28976289214381,28.727744707752095],[83.29276120306713,28.728775583526385],[83.29549257901937,28.729504957987444],[83.29994120322402,28.73163970840585],[83.30112470384205,28.73193464556749],[83.30612682928978,28.732231082798307],[83.3061967039148,28.732267645635375],[83.31115839134674,28.732782458943404],[83.3117013291531,28.733080770361312],[83.32207976636818,28.736027708412053],[83.32540507888132,28.737147583794012],[83.32560689124512,28.737204957842607],[83.32644964053856,28.73751827085158],[83.32739220378721,28.737777896133025],[83.32930789194569,28.738026520907283],[83.33041482878139,28.738101895785917],[83.3358387038931,28.73766170822131],[83.33912376634879,28.73712283355195],[83.33949420429417,28.737029957866298],[83.34453545384815,28.735998582968307],[83.34765401671956,28.73550602068633],[83.34874557874554,28.73564214566852],[83.35165251585096,28.7359493954483],[83.35560426642382,28.734569583619418],[83.35917057925889,28.733578019909714],[83.36302826704093,28.734024958684927],[83.36752595375981,28.737434645592487],[83.36809401592615,28.737944895740384],[83.36876939149425,28.738818895575605],[83.36926082872435,28.739301708307266],[83.37024957845534,28.740048583575344],[83.37046839160303,28.740110520783958],[83.37158357881918,28.740801521173296],[83.37426214208426,28.742684208709306],[83.37653889185646,28.744628146371895],[83.37786382975202,28.746599270539946],[83.37876295394722,28.74953176997525],[83.38597401668756,28.757203708284578],[83.3873983287699,28.759209021079528],[83.39680945339364,28.76205108379054],[83.39732226660936,28.76187970808212],[83.3997344533824,28.76143920845277],[83.4079543917818,28.760740021534843],[83.41406457911711,28.760996770784402],[83.41698982911737,28.76191183366427],[83.42503782883279,28.764784395983156],[83.44052651698524,28.76879077047772],[83.44126557894339,28.768926895459913],[83.45155720460139,28.770760395475918],[83.45623051722464,28.77233595823793],[83.45832407869335,28.773666457541026],[83.46520276639461,28.780064958531057],[83.47901732878677,28.781820020577527],[83.48095089187024,28.78218839637742],[83.48565426613152,28.783115583017775],[83.48717207892838,28.788127583021605],[83.49010467638976,28.800754564571548],[83.48962402382972,28.804193514519113],[83.48748016327897,28.809518831129196],[83.48738098154712,28.81027223457602],[83.4836883544341,28.815685289044893],[83.48345173291119,28.815857378815053],[83.48188916445343,28.821801021599924],[83.48262786938074,28.825567262719062],[83.48291015667843,28.826107043005663],[83.48458310612551,28.82923086061578],[83.4851226813667,28.830556886691],[83.48529815618502,28.831121461286443],[83.4851760867071,28.833776491092237],[83.48357391390505,28.835094469134503],[83.48299407961315,28.835607545851587],[83.48281097404725,28.838607805605818],[83.49044036812853,28.846355455140213],[83.49198150754057,28.84647371149265],[83.492735767142,28.84639977103268],[83.49596001654157,28.845331208268703],[83.50283050602309,28.845146196140092],[83.50384294569545,28.850855256165175],[83.50474548371716,28.852582948244503],[83.5053100583126,28.853174226409465],[83.50803375315525,28.85600091790809],[83.50831604045294,28.858276384347732],[83.50768279992133,28.862834947075214],[83.50787353533542,28.86576272776773],[83.50757598834127,28.8663578199575],[83.50392472554569,28.872503270609513],[83.50195312653562,28.875343339523567],[83.50193023699092,28.877285020787156],[83.51282501276421,28.887626664938693],[83.5136795045056,28.887834566612014],[83.51434326263154,28.8881187613718],[83.51487731963266,28.888380068385516],[83.51592019596035,28.889003818371577],[83.51779174899008,28.890550630707082],[83.52027130127959,28.89348794781057],[83.52430034768298,28.89734268581634],[83.52545770410984,28.898596290386536],[83.52607023595266,28.89927812128832],[83.52624511721842,28.89959527799971],[83.52668870062308,28.90056154288095],[83.5296064988409,28.903908738597465],[83.52964782718556,28.904045121685044],[83.5341873170911,28.909276979848812],[83.53901672324326,28.9129810508349],[83.53955856207801,28.913555747299938],[83.53987884483286,28.91380502498197],[83.54167560034875,28.91469956173546],[83.54281616283572,28.915967958354656],[83.54684399605361,28.920544459859002],[83.54765319883609,28.92122842575128],[83.54976491491897,28.923811406371385],[83.55286226098463,28.928262505510247],[83.55973053003999,28.937105196547634],[83.55980737441087,28.937380558166296],[83.55992126455476,28.937788027495515],[83.55998992959161,28.938779847512023],[83.55992126455476,28.939079301968263],[83.5597134168408,28.93991590259685],[83.55906677281337,28.941574113954232],[83.55992126455476,28.943487184186267],[83.56427651664796,28.945125771437233],[83.56427764979378,28.94512559696875],[83.56771401598911,28.94369752122367],[83.56801012137004,28.94348982459576],[83.57314300554532,28.946964281576356],[83.57456207278148,28.949634569280022],[83.57974243216756,28.954755800040175],[83.58363308369991,28.95814277277077],[83.58448028643613,28.96036912723349],[83.58449869915569,28.960454293031262],[83.58367919913582,28.964393632959855],[83.58614349352746,28.96647645742263],[83.58769226098912,28.96801759503603],[83.58917236341392,28.97123338541246],[83.58943176296555,28.973196046960027],[83.59010680848246,28.9781562253296],[83.60017851932326,28.985611838915304],[83.60142517123472,28.98549272371031],[83.60448564239852,28.98297058402528],[83.60492939127846,28.982498083819564],[83.60563659745105,28.981094377903275],[83.6096444090623,28.980074415401987],[83.61180877685365,28.98093416008345],[83.61276245212554,28.983358400469854],[83.61650848367964,28.986768740285186],[83.6173706061686,28.99156953630512],[83.61652113354353,28.998182114612973],[83.61823334289454,29.003613529640745],[83.61682891841991,29.009143846711197],[83.61656119384406,29.009539600572168],[83.61493682847191,29.015344637145347],[83.6178741455754,29.01741601773506],[83.61638641420171,29.023607270858918],[83.6173706061686,29.02800561666595],[83.61574050402112,29.031355425812308],[83.61464760470324,29.03598041426477],[83.61847686851274,29.040859239962003],[83.62030432868187,29.054621771177835],[83.63198476658374,29.07463108325794],[83.64007464143162,29.106787208163155],[83.65027651654805,29.103861146075076],[83.68212620376136,29.12349964609183]]]},"properties":{"OBJECTID":6,"PROVINCE":6,"PR_NAME":"Karnali Pradesh"}},
{"type":"Feature","geometry":{"type":"Polygon","coordinates":[[[81.2737172650398,30.04528289698817],[81.21921238924045,30.007324896626756],[81.12561751393719,30.020316209725365],[81.09289938919551,30.0542846475185],[81.08488751344805,30.148096397031168],[81.04733376374224,30.17955895937854],[81.02910337182323,30.239825118834233],[80.95043839091909,30.266486979590468],[80.90810260595055,30.300705810224997],[80.80605287763825,30.31990419372363],[80.73619428214045,30.396670364046088],[80.60885385701994,30.46690134542081],[80.661229925121,30.353563137928518],[80.76042965420521,30.302476110384248],[80.76345950165472,30.278900410825372],[80.87317957647633,30.160694209969847],[80.88042495105071,30.13248733462285],[80.80339563909752,30.085625834664597],[80.7403215758801,29.999690210035226],[80.67966563855845,29.958906834782624],[80.59698663892232,29.952941458981172],[80.55518001324708,29.8533442097675],[80.49409207668805,29.7953712100134],[80.41767920143405,29.795710896540697],[80.36766388877749,29.729043709899315],[80.39342095151574,29.663792959077853],[80.41816820150137,29.650468584757448],[80.40989126407067,29.595923646858864],[80.34297357576997,29.50995758377553],[80.29767576392544,29.4878562714498],[80.30418907686447,29.453092645908953],[80.24769757708157,29.446728646509882],[80.28182301402092,29.346242458822474],[80.31809601401989,29.315622458709527],[80.29908307612311,29.205521458048906],[80.25960795094625,29.18732964614628],[80.27352920081205,29.146669146164243],[80.2368648266505,29.119054146131987],[80.18626732617622,29.13729077035282],[80.14605207694183,29.102983834036763],[80.12848357615616,29.00600108308356],[80.0601478269607,28.916376708318467],[80.06641295129674,28.83731883249817],[80.11978801420554,28.828764395760288],[80.21773801389827,28.755342019918317],[80.25228570142406,28.75777327052009],[80.27971926323346,28.70971995840938],[80.37803801284406,28.628280520429712],[80.46222620077862,28.621576895657256],[80.47342620105837,28.59017964567414],[80.52340076363441,28.576694583188498],[80.50520613865245,28.66516845885735],[80.5415269520073,28.690593958644342],[80.6132570133006,28.639249832913492],[80.65292295123328,28.63386576988944],[80.71632338831375,28.567829082646085],[80.76973963837366,28.565495770913174],[80.7862534511359,28.529223145931496],[80.98083607592423,28.434284020691052],[81.00145045097759,28.45393933353347],[81.06907876377397,28.394375520314043],[81.09233657637196,28.45684333345315],[81.25037257613354,28.59402770801239],[81.2870650136395,28.67320202085665],[81.27400632603116,28.727269958341935],[81.20173451403667,28.851455458302837],[81.1034960136302,28.845170583056017],[80.98798838865326,28.934575083473362],[81.0498650765121,28.977943458323978],[81.12244257616402,28.962544582766327],[81.17050176354559,28.921366708207074],[81.26461932662068,28.90227058392037],[81.30492526438951,28.925298708768423],[81.35081276439763,28.88994070779745],[81.41531638904019,28.913901458385624],[81.46511220146698,28.894562458690586],[81.46456382725887,28.85385639545632],[81.51970963998798,28.806934771322688],[81.54284720243652,28.748317145619808],[81.58003082716101,28.7554294583029],[81.51014126350856,28.8900860832062],[81.44564488920031,28.941668708244322],[81.41713763849128,29.017086020503484],[81.47057201438702,29.077464521470517],[81.56276870201407,29.12489502068871],[81.50086057655443,29.151686271404344],[81.48403557678051,29.20121852131774],[81.49999988938345,29.23879527118487],[81.48563113866618,29.279560583554144],[81.50973476454783,29.31456570854067],[81.61929245238485,29.370609396306634],[81.67183645179085,29.31685558391814],[81.7414591398275,29.333926896309265],[81.79115401414651,29.388990020872825],[81.81003357718788,29.456308521720928],[81.77671076538957,29.508013084036634],[81.80082895219442,29.55919495858052],[81.79150401499834,29.59664633486051],[81.74035363920916,29.60619902176751],[81.70465432663593,29.63717745927238],[81.69914038981722,29.680383584734727],[81.74160276425624,29.79249295948256],[81.78217432758322,29.807054084178674],[81.80103745281627,29.90168683467971],[81.71258913947725,29.914313834216102],[81.68916345223158,29.94928345936421],[81.51828595203511,29.92243427252373],[81.47246432736688,29.88983345894701],[81.45628632685253,30.002442147187367],[81.38371326445565,30.007227896650136],[81.2737172650398,30.04528289698817]]]},"properties":{"OBJECTID":7,"PROVINCE":7,"PR_NAME":"Sudurpashchim Pradesh"}}
]}