{"type":"FeatureCollection", "features": [
{"type":"Feature","geometry":{"type":"Polygon","coordinates":[[[87.26564833240468,27.177072518881687],[87.23917576994586,27.217849768851806],[87.20544170716909,27.245508332043926],[87.20401032911343,27.301112829593478],[87.18473895933556,27.316283521067703],[87.19472964485726,27.35212014482886],[87.17108558243376,27.375551707345494],[87.1337068327042,27.394534081782524],[87.1264643944163,27.42597233185768],[87.14281664487231,27.44724476963046],[87.10586477004318,27.46182795649503],[87.07564776962892,27.45963845714914],[87.01254576987145,27.43575939378104],[86.9426227073721,27.458913832007795],[86.90847083216323,27.43318676885434],[86.93626295726972,27.353760019909032],[86.98691770678681,27.307130394851868],[86.95069908249673,27.265844706867767],[86.91477976877138,27.26645701927606],[86.90035401992213,27.251531331905483],[86.9307915197129,27.222913394437626],[86.92049845693828,27.186878644633794],[86.91732014490884,27.12715720634003],[86.89950564446997,27.115625394896085],[86.9490680819265,27.08499326922407],[86.96709083207628,27.057738019593955],[86.94750120751479,27.01988545664858],[86.96958039471951,27.00712814444836],[86.97502408189592,26.972978706402216],[86.96751270674605,26.92741658111038],[86.95400489411065,26.90425220627435],[87.00576483218134,26.886393144428098],[87.02826045675471,26.897707893704364],[87.13792695806274,26.92700314388003],[87.15857220774126,26.915294019403518],[87.17579576995888,26.982994831945973],[87.20082239523742,27.008951581949987],[87.18132202029506,27.051999206398307],[87.18564689418889,27.07416976921951],[87.2208857700623,27.10727576976103],[87.2736204581177,27.142783581597087],[87.26564833240468,27.177072518881687]]]},"properties":{"OBJECTID":1,"PROVINCE":1,"PR_NAME":"Province No 1","DISTRICT":"Bhojpur"}},
{"type":"Feature","geometry":{"type":"Polygon","coordinates":[[[87.40926139549708,27.136051707320462],[87.37520352012643,27.18266908181272],[87.35952683319687,27.19057214408923],[87.31489720773999,27.182016332287958],[87.29476570747147,27.190080081830388],[87.26564833240468,27.177072518881687],[87.2736204581177,27.142783581597087],[87.2208857700623,27.10727576976103],[87.18564689418889,27.07416976921951],[87.18132202029506,27.051999206398307],[87.20082239523742,27.008951581949987],[87.17579576995888,26.982994831945973],[87.15857220774126,26.915294019403518],[87.1672837695304,26.87757651844163],[87.22065764443482,26.863443831667553],[87.31021458263695,26.871609706422873],[87.34998208280695,26.84930870683138],[87.37148239529637,26.845392644055323],[87.42391745712501,26.87015683187235],[87.45571758270034,26.857858269243764],[87.49300445858893,26.872038269350696],[87.53432402043723,26.857111393975686],[87.5826393320396,26.861034519127827],[87.53382314482235,26.899536393489825],[87.5273553330822,26.95986289385752],[87.49508664543242,26.985017456690343],[87.46137108260945,26.968137019108212],[87.441498019618,26.97075064412695],[87.44347458288576,27.00624383208725],[87.42916001991904,27.04597345730923],[87.40401095733989,27.073515581678805],[87.3945430827971,27.102199456539722],[87.40926139549708,27.136051707320462]]]},"properties":{"OBJECTID":2,"PROVINCE":1,"PR_NAME":"Province No 1","DISTRICT":"Dhankuta"}},
{"type":"Feature","geometry":{"type":"Polygon","coordinates":[[[87.99420733320193,27.105123581488158],[87.95442139603068,27.105825894449538],[87.89759314600695,27.09181301895569],[87.8628830831878,27.061779644814806],[87.78054520809496,27.012501331970952],[87.74642339542339,27.02089795657548],[87.67982502130775,26.95182683174295],[87.7088218323617,26.9287457062494],[87.6907336457412,26.880679143527686],[87.63920033322887,26.860347831886997],[87.60214220799656,26.861823831604568],[87.66391002033123,26.814771518890552],[87.68120633320575,26.784165768535445],[87.6673065204796,26.75905883110022],[87.68974008283863,26.749663019233026],[87.70418177037249,26.731150518981337],[87.70974527062782,26.69554183199],[87.76763589607981,26.66492458110457],[87.79333014477044,26.66594339427229],[87.81706395863483,26.69368301875636],[87.8680183955326,26.673754768867525],[87.88650852065177,26.68820939404833],[87.93901545809695,26.696643206518843],[87.96585727139603,26.776892206510183],[87.98391270740558,26.752119519200505],[88.02962227025165,26.770463331817382],[88.05835083332437,26.75445820618131],[88.06762245781022,26.784757019720757],[88.0885390212589,26.791389956881062],[88.10719814607762,26.748150518731507],[88.14769108347679,26.76907564462533],[88.15226070876474,26.78704983138465],[88.18745970779935,26.782835082173335],[88.1701503952246,26.83739158175615],[88.17491514641694,26.868249644105845],[88.13898333301444,26.89836739354041],[88.1486420832656,26.9206753934547],[88.12305227104554,26.95026701880795],[88.12082520791705,26.987087331814962],[88.09508433387498,27.0040640813923],[88.08575308253876,27.028284769326717],[88.04022439583923,27.036291456885294],[88.0059964586697,27.1041190189776],[87.99420733320193,27.105123581488158]]]},"properties":{"OBJECTID":3,"PROVINCE":1,"PR_NAME":"Province No 1","DISTRICT":"Ilam"}},
{"type":"Feature","geometry":{"type":"Polygon","coordinates":[[[88.18745970779935,26.782835082173335],[88.15226070876474,26.78704983138465],[88.14769108347679,26.76907564462533],[88.10719814607762,26.748150518731507],[88.0885390212589,26.791389956881062],[88.06762245781022,26.784757019720757],[88.05835083332437,26.75445820618131],[88.02962227025165,26.770463331817382],[87.98391270740558,26.752119519200505],[87.96585727139603,26.776892206510183],[87.93901545809695,26.696643206518843],[87.88650852065177,26.68820939404833],[87.8680183955326,26.673754768867525],[87.81706395863483,26.69368301875636],[87.79333014477044,26.66594339427229],[87.76763589607981,26.66492458110457],[87.70974527062782,26.69554183199],[87.70418177037249,26.731150518981337],[87.68974008283863,26.749663019233026],[87.65781314566021,26.71588095694068],[87.64427939567764,26.650523518645514],[87.65708889463684,26.613646580725174],[87.64071352081237,26.592417706112315],[87.64316445757373,26.527613456096162],[87.66150076984474,26.457974081138957],[87.68175270822098,26.435083331330702],[87.71366739483449,26.4270288933688],[87.73617639502464,26.407450268415232],[87.76716645806562,26.409970705683577],[87.79146845820281,26.468919581373655],[87.85120295824998,26.43615845554831],[87.8605335827587,26.46300701915868],[87.90259064534206,26.477142893130065],[87.92538239598088,26.446572455554417],[87.93401270762041,26.418030206828632],[87.99418920826542,26.392237019223103],[88.010222520453,26.360757018121944],[88.03485064534107,26.388135018916046],[88.09840039596156,26.439247768869507],[88.10924614519348,26.473082955913753],[88.10569070785994,26.518569580421854],[88.11475208344194,26.571061393068874],[88.12990539551765,26.581563643547383],[88.14460964641813,26.62547576919144],[88.16566689621033,26.645681143370098],[88.16974727052019,26.699248768216137],[88.18464345832899,26.719169643664202],[88.18745970779935,26.782835082173335]]]},"properties":{"OBJECTID":4,"PROVINCE":1,"PR_NAME":"Province No 1","DISTRICT":"Jhapa"}},
{"type":"Feature","geometry":{"type":"Polygon","coordinates":[[[86.90847083216323,27.43318676885434],[86.8134442073843,27.43065270775628],[86.7541847697114,27.39417851952311],[86.69038389510075,27.393148894705803],[86.68100620637136,27.353236520049393],[86.68823901921542,27.309189018558413],[86.6696673318819,27.297231645224315],[86.67313776979228,27.2717810822312],[86.63694870621788,27.256137332072285],[86.61960020658432,27.23430395656237],[86.55937008206371,27.226527269717792],[86.52724151958051,27.19231895665456],[86.49270351865255,27.18589339416485],[86.43586158094723,27.14877226872528],[86.46125101971882,27.118110206420965],[86.49474714346593,27.104451394016678],[86.53558708247795,27.134792456806508],[86.57873176985538,27.15110614433314],[86.67122814486305,27.119719956910558],[86.70168708179347,27.0926992684565],[86.7291509570511,27.039143582110682],[86.74938370749214,27.024492456861424],[86.76691670754008,26.957194581964416],[86.76326427022997,26.924861331085594],[86.7739173316196,26.8862823308649],[86.80770633218157,26.872622768426083],[86.8362272696728,26.874522768810778],[86.86519301904264,26.894773581235825],[86.91634020673519,26.89538183140644],[86.95400489411065,26.90425220627435],[86.96751270674605,26.92741658111038],[86.97502408189592,26.972978706402216],[86.96958039471951,27.00712814444836],[86.94750120751479,27.01988545664858],[86.96709083207628,27.057738019593955],[86.9490680819265,27.08499326922407],[86.89950564446997,27.115625394896085],[86.91732014490884,27.12715720634003],[86.92049845693828,27.186878644633794],[86.9307915197129,27.222913394437626],[86.90035401992213,27.251531331905483],[86.91477976877138,27.26645701927606],[86.95069908249673,27.265844706867767],[86.98691770678681,27.307130394851868],[86.93626295726972,27.353760019909032],[86.90847083216323,27.43318676885434]]]},"properties":{"OBJECTID":5,"PROVINCE":1,"PR_NAME":"Province No 1","DISTRICT":"Khotang"}},
{"type":"Feature","geometry":{"type":"Polygon","coordinates":[[[87.5826393320396,26.861034519127827],[87.53432402043723,26.857111393975686],[87.49300445858893,26.872038269350696],[87.45571758270034,26.857858269243764],[87.42391745712501,26.87015683187235],[87.37148239529637,26.845392644055323],[87.34998208280695,26.84930870683138],[87.35161283246629,26.820102769227447],[87.32615483207991,26.787772894403588],[87.33764858331551,26.73267926933289],[87.31157345824857,26.685541081255963],[87.28758333310441,26.65730076911524],[87.3016653322893,26.614403955578155],[87.28658395698409,26.562966517990446],[87.25683789465319,26.53307758126539],[87.24640889485465,26.476336643721197],[87.24758514513837,26.41393051867857],[87.26864733310799,26.405059142865184],[87.2683558322559,26.373549331036827],[87.31585033262678,26.367275456297307],[87.3434590203176,26.34742364428581],[87.36079514438046,26.36072814358903],[87.35887033259985,26.38787170641416],[87.39100808255705,26.41873789323921],[87.43026039530105,26.422093956271112],[87.4691001449558,26.44005795640959],[87.51888920797063,26.43060139353952],[87.55533839595029,26.40540264341729],[87.5899613324496,26.392533393501367],[87.65435683250189,26.393178768585358],[87.68084977090024,26.41548758148673],[87.68175270822098,26.435083331330702],[87.66150076984474,26.457974081138957],[87.64316445757373,26.527613456096162],[87.64071352081237,26.592417706112315],[87.65708889463684,26.613646580725174],[87.64427939567764,26.650523518645514],[87.65781314566021,26.71588095694068],[87.68974008283863,26.749663019233026],[87.6673065204796,26.75905883110022],[87.68120633320575,26.784165768535445],[87.66391002033123,26.814771518890552],[87.60214220799656,26.861823831604568],[87.5826393320396,26.861034519127827]]]},"properties":{"OBJECTID":6,"PROVINCE":1,"PR_NAME":"Province No 1","DISTRICT":"Morang"}},
{"type":"Feature","geometry":{"type":"Polygon","coordinates":[[[86.68100620637136,27.353236520049393],[86.66025314416731,27.339736269813045],[86.57317539402925,27.340465394262594],[86.56744345615061,27.364141395209288],[86.5113261435867,27.411460456734744],[86.47245933243232,27.42242083175603],[86.4427275198592,27.484773519982014],[86.40388376912068,27.516733268925293],[86.35798551951615,27.5259767077589],[86.34065676899473,27.519789707529014],[86.29453245680747,27.470334894639734],[86.26646945680005,27.456157144636563],[86.23007858176118,27.397598143939263],[86.21806058153066,27.333579019156446],[86.24252564404327,27.288026957278305],[86.20593701887839,27.249955895048572],[86.23152389391265,27.237080956021373],[86.25942183145241,27.257487894350902],[86.31825301916155,27.231121519342707],[86.39224208120714,27.17961564424661],[86.43586158094723,27.14877226872528],[86.49270351865255,27.18589339416485],[86.52724151958051,27.19231895665456],[86.55937008206371,27.226527269717792],[86.61960020658432,27.23430395656237],[86.63694870621788,27.256137332072285],[86.67313776979228,27.2717810822312],[86.6696673318819,27.297231645224315],[86.68823901921542,27.309189018558413],[86.68100620637136,27.353236520049393]]]},"properties":{"OBJECTID":7,"PROVINCE":1,"PR_NAME":"Province No 1","DISTRICT":"Okhaldhunga"}},
{"type":"Feature","geometry":{"type":"Polygon","coordinates":[[[87.99420733320193,27.105123581488158],[88.009604207768,27.14289039407646],[88.02183264576007,27.235588019371676],[88.03431345869922,27.28594020637547],[88.06908720790835,27.33596395647146],[88.0444092084183,27.369903456779184],[88.05315539590487,27.412651768864066],[88.070580708433,27.43802233176524],[88.03996683360253,27.41322689430575],[88.00643645737665,27.32879151961299],[87.9530245204653,27.28236139476263],[87.84227239535483,27.285876832050235],[87.784273395301,27.272564581490315],[87.69140927042156,27.28827214484369],[87.68240264556567,27.270735894645895],[87.75377014517613,27.217757269982087],[87.72252114573433,27.18924833214487],[87.71370727077397,27.156630206618786],[87.5918566446685,27.099467019387475],[87.56489964530243,27.061245144447923],[87.53536295773438,27.03731645648935],[87.54463877036301,27.0226670192676],[87.51453370766455,26.99079020670274],[87.49508664543242,26.985017456690343],[87.5273553330822,26.95986289385752],[87.53382314482235,26.899536393489825],[87.5826393320396,26.861034519127827],[87.60214220799656,26.861823831604568],[87.63920033322887,26.860347831886997],[87.6907336457412,26.880679143527686],[87.7088218323617,26.9287457062494],[87.67982502130775,26.95182683174295],[87.74642339542339,27.02089795657548],[87.78054520809496,27.012501331970952],[87.8628830831878,27.061779644814806],[87.89759314600695,27.09181301895569],[87.95442139603068,27.105825894449538],[87.99420733320193,27.105123581488158]]]},"properties":{"OBJECTID":8,"PROVINCE":1,"PR_NAME":"Province No 1","DISTRICT":"Panchthar"}},
{"type":"Feature","geometry":{"type":"Polygon","coordinates":[[[87.66802602038462,27.806629832101123],[87.6615427079297,27.836417645458027],[87.6350804570975,27.832363206696698],[87.61350214550765,27.810567394969326],[87.58134383255191,27.861758706998785],[87.54675264571807,27.84873658222756],[87.4782846449205,27.83951414526166],[87.452332208065,27.82207183284885],[87.42173414511478,27.860321832286786],[87.37483158211188,27.84410295758545],[87.36318589491316,27.828646207056863],[87.3202378946632,27.826252395231904],[87.30663514509592,27.842931019550974],[87.2676864569645,27.850602581943633],[87.23181352037773,27.826460769948653],[87.19568058259284,27.819738457264066],[87.15922739532812,27.824239457984675],[87.1183942075267,27.840097957254955],[87.11000914550573,27.873689332696586],[87.09130945676606,27.88238108242109],[87.08109951922751,27.91488183293029],[87.0558657701892,27.926363645665788],[87.04161339534198,27.95016901948469],[86.98576339456508,27.94924495708915],[86.96953345730327,27.902447020313787],[87.0126315193292,27.814510707203453],[86.98216858311366,27.77571983210464],[87.00758914472328,27.711247269146213],[86.99214595776982,27.69277133263097],[86.98615983191075,27.646021269466075],[86.96212814549756,27.61946920693839],[86.95860208182069,27.57706639459849],[86.96917008263324,27.54126739397509],[86.9456740818934,27.51660776943305],[86.96539239494314,27.483240019411426],[86.9426227073721,27.458913832007795],[87.01254576987145,27.43575939378104],[87.07564776962892,27.45963845714914],[87.10586477004318,27.46182795649503],[87.14281664487231,27.44724476963046],[87.1264643944163,27.42597233185768],[87.1337068327042,27.394534081782524],[87.17108558243376,27.375551707345494],[87.19472964485726,27.35212014482886],[87.18473895933556,27.316283521067703],[87.20401032911343,27.301112829593478],[87.20544170716909,27.245508332043926],[87.23917576994586,27.217849768851806],[87.26564833240468,27.177072518881687],[87.29476570747147,27.190080081830388],[87.31489720773999,27.182016332287958],[87.35952683319687,27.19057214408923],[87.37520352012643,27.18266908181272],[87.40926139549708,27.136051707320462],[87.42328145747337,27.176385269564605],[87.45420733320191,27.179328144478347],[87.4918425210156,27.265011707124643],[87.51906864520186,27.296389956231565],[87.46102983306042,27.371338895273823],[87.44696576995437,27.40591170715959],[87.46361677069746,27.4464225824363],[87.46137670786885,27.47399989457955],[87.47888870784766,27.5121114568783],[87.4843645826594,27.566866019551185],[87.53026695745416,27.602772207671308],[87.54225295710836,27.650715582158455],[87.5635825207168,27.698089582368368],[87.61038095751525,27.675027207739504],[87.62446014541945,27.711567582477983],[87.66641064553494,27.750515456723008],[87.67943477039842,27.78830008218307],[87.66802602038462,27.806629832101123]]]},"properties":{"OBJECTID":9,"PROVINCE":1,"PR_NAME":"Province No 1","DISTRICT":"Sankhuwasabha"}},
{"type":"Feature","geometry":{"type":"Polygon","coordinates":[[[86.98576339456508,27.94924495708915],[86.93594489404171,27.96234933205608],[86.93563195784861,27.97737670756908],[86.89238645736918,27.9967138951302],[86.85653170687283,28.02786845766326],[86.83827564470528,28.015093019627216],[86.79254720688817,28.018680145472388],[86.75559345697252,28.064709644834295],[86.74072383243896,28.10353627068241],[86.69153670635399,28.108420957261444],[86.63724070709304,28.070483582851125],[86.61078476860223,28.075769894964708],[86.60491126933965,28.101678083376896],[86.5768320194822,28.112817144695498],[86.55131545704279,28.05051176980237],[86.53892970604113,28.05059483298521],[86.51524989466697,27.98450483303168],[86.51798226886666,27.956364457154052],[86.5502191438984,27.93019845739292],[86.55651826980238,27.856880332761193],[86.54483939402286,27.81090020797825],[86.56949914447,27.80373620765988],[86.56530164425556,27.749070769600394],[86.5404432695413,27.67002933158841],[86.49490026923212,27.61346226896859],[86.43718564380248,27.61000227038852],[86.42035183157185,27.59110533154586],[86.37867926963264,27.567789956941],[86.35798551951615,27.5259767077589],[86.40388376912068,27.516733268925293],[86.4427275198592,27.484773519982014],[86.47245933243232,27.42242083175603],[86.5113261435867,27.411460456734744],[86.56744345615061,27.364141395209288],[86.57317539402925,27.340465394262594],[86.66025314416731,27.339736269813045],[86.68100620637136,27.353236520049393],[86.69038389510075,27.393148894705803],[86.7541847697114,27.39417851952311],[86.8134442073843,27.43065270775628],[86.90847083216323,27.43318676885434],[86.9426227073721,27.458913832007795],[86.96539239494314,27.483240019411426],[86.9456740818934,27.51660776943305],[86.96917008263324,27.54126739397509],[86.95860208182069,27.57706639459849],[86.96212814549756,27.61946920693839],[86.98615983191075,27.646021269466075],[86.99214595776982,27.69277133263097],[87.00758914472328,27.711247269146213],[86.98216858311366,27.77571983210464],[87.0126315193292,27.814510707203453],[86.96953345730327,27.902447020313787],[86.98576339456508,27.94924495708915]]]},"properties":{"OBJECTID":10,"PROVINCE":1,"PR_NAME":"Province No 1","DISTRICT":"Solukhumbu"}},
{"type":"Feature","geometry":{"type":"Polygon","coordinates":[[[87.34998208280695,26.84930870683138],[87.31021458263695,26.871609706422873],[87.22065764443482,26.863443831667553],[87.1672837695304,26.87757651844163],[87.15478708265778,26.86813283116527],[87.1466551447192,26.82245620598917],[87.10162714477696,26.75097701867452],[87.04034402026036,26.75374958177781],[87.0124480198603,26.71051051864555],[87.01529351978019,26.669721143116305],[86.9812842078,26.624853269263042],[86.99487095752875,26.57200208123112],[86.95334370714642,26.536907643672862],[86.93572601974006,26.533228956051516],[86.90652639537689,26.487958643676507],[86.93229333177192,26.489284393659887],[86.93505676945438,26.516428768572837],[87.01773189481116,26.531779893727162],[87.04477676963228,26.56800508126952],[87.07423733228711,26.58545833123702],[87.0751247068398,26.54164164344712],[87.09396570785117,26.450016081077308],[87.16494414455667,26.40371995611116],[87.18839039480093,26.413928143569024],[87.24758514513837,26.41393051867857],[87.24640889485465,26.476336643721197],[87.25683789465319,26.53307758126539],[87.28658395698409,26.562966517990446],[87.3016653322893,26.614403955578155],[87.28758333310441,26.65730076911524],[87.31157345824857,26.685541081255963],[87.33764858331551,26.73267926933289],[87.32615483207991,26.787772894403588],[87.35161283246629,26.820102769227447],[87.34998208280695,26.84930870683138]]]},"properties":{"OBJECTID":11,"PROVINCE":1,"PR_NAME":"Province No 1","DISTRICT":"Sunsari"}},
{"type":"Feature","geometry":{"type":"Polygon","coordinates":[[[88.070580708433,27.43802233176524],[88.06965452093942,27.457625581955085],[88.04656433297765,27.478229706535785],[88.06788045891608,27.529306144562952],[88.06351027088238,27.539797582492497],[88.08769639607186,27.589938832611097],[88.11628014581214,27.61036339405547],[88.1224630208518,27.64482270700239],[88.1472412084151,27.665377081986776],[88.16104652128001,27.740551394731142],[88.1811772085614,27.74679076967834],[88.1877815212003,27.81045727028686],[88.2038905203313,27.837222206839442],[88.13772145827875,27.88144020809915],[88.0936075202709,27.87115708283318],[88.02986014542944,27.90519745739681],[87.98590002116907,27.887417456750256],[87.93324402109477,27.917748894995555],[87.86848839562299,27.910548519798397],[87.85906070818521,27.94815608223746],[87.83673277030118,27.95136883290536],[87.8062398327022,27.908386269910466],[87.78844789625344,27.900055269734935],[87.75673745736782,27.836461082712844],[87.72792058266879,27.80505239515196],[87.66802602038462,27.806629832101123],[87.67943477039842,27.78830008218307],[87.66641064553494,27.750515456723008],[87.62446014541945,27.711567582477983],[87.61038095751525,27.675027207739504],[87.5635825207168,27.698089582368368],[87.54225295710836,27.650715582158455],[87.53026695745416,27.602772207671308],[87.4843645826594,27.566866019551185],[87.47888870784766,27.5121114568783],[87.46137670786885,27.47399989457955],[87.46361677069746,27.4464225824363],[87.44696576995437,27.40591170715959],[87.46102983306042,27.371338895273823],[87.51906864520186,27.296389956231565],[87.55997689581716,27.2849810821113],[87.60926995754255,27.283297018842404],[87.65391814590578,27.26784595652572],[87.68240264556567,27.270735894645895],[87.69140927042156,27.28827214484369],[87.784273395301,27.272564581490315],[87.84227239535483,27.285876832050235],[87.9530245204653,27.28236139476263],[88.00643645737665,27.32879151961299],[88.03996683360253,27.41322689430575],[88.070580708433,27.43802233176524]]]},"properties":{"OBJECTID":12,"PROVINCE":1,"PR_NAME":"Province No 1","DISTRICT":"Taplejung"}},
{"type":"Feature","geometry":{"type":"Polygon","coordinates":[[[87.68240264556567,27.270735894645895],[87.65391814590578,27.26784595652572],[87.60926995754255,27.283297018842404],[87.55997689581716,27.2849810821113],[87.51906864520186,27.296389956231565],[87.4918425210156,27.265011707124643],[87.45420733320191,27.179328144478347],[87.42328145747337,27.176385269564605],[87.40926139549708,27.136051707320462],[87.3945430827971,27.102199456539722],[87.40401095733989,27.073515581678805],[87.42916001991904,27.04597345730923],[87.44347458288576,27.00624383208725],[87.441498019618,26.97075064412695],[87.46137108260945,26.968137019108212],[87.49508664543242,26.985017456690343],[87.51453370766455,26.99079020670274],[87.54463877036301,27.0226670192676],[87.53536295773438,27.03731645648935],[87.56489964530243,27.061245144447923],[87.5918566446685,27.099467019387475],[87.71370727077397,27.156630206618786],[87.72252114573433,27.18924833214487],[87.75377014517613,27.217757269982087],[87.68240264556567,27.270735894645895]]]},"properties":{"OBJECTID":13,"PROVINCE":1,"PR_NAME":"Province No 1","DISTRICT":"Terhathum"}},
{"type":"Feature","geometry":{"type":"Polygon","coordinates":[[[86.43586158094723,27.14877226872528],[86.39224208120714,27.17961564424661],[86.37055970636544,27.140565081813122],[86.34356183101374,27.144616082466257],[86.32687245709826,27.10962133115953],[86.3572793313761,27.103959831780855],[86.34926095712751,27.064243332164097],[86.3764665821671,27.02260376904877],[86.35535051851167,26.964267956700894],[86.31888589366912,26.963358644086213],[86.28357439394318,26.946836893907573],[86.26204139469468,26.91879820707163],[86.26209414442928,26.917803331158836],[86.25584808212335,26.911043643549363],[86.25411058203781,26.911517394712064],[86.25081914428813,26.914155957031824],[86.2478277698358,26.913794831566292],[86.2441509564016,26.905186581195835],[86.23995614336138,26.903306831744942],[86.23663795617682,26.903036206855518],[86.22938195701175,26.903757393888668],[86.22580414364637,26.894043393787626],[86.2247737696938,26.888642206772488],[86.22334914374807,26.888160519092708],[86.2223710815602,26.888518456461668],[86.22123595637436,26.88940808111812],[86.2187598943537,26.893223831714522],[86.21600689420285,26.897130519058237],[86.20536676956084,26.900776394015395],[86.19429333177192,26.903852581731314],[86.19209220688987,26.904632081705245],[86.18653989420079,26.90839126944161],[86.18398914438359,26.91039389416295],[86.18164389415045,26.91346508164827],[86.16827176942667,26.922817144195903],[86.16478926890971,26.924461893601574],[86.16397389408002,26.924761768940527],[86.15983258170832,26.929645206361215],[86.18147826870717,26.899301831414448],[86.22979689431128,26.880338331049188],[86.24921970722374,26.86349795646555],[86.27357651924103,26.88218814386778],[86.30095451913581,26.885496768561097],[86.36771333140518,26.872088643975815],[86.38505226944676,26.907878769189892],[86.41598383158862,26.906538768549353],[86.45925464438636,26.88711195725108],[86.50695914364962,26.85590514410717],[86.52191370735176,26.831500705792962],[86.55441320690403,26.83488126815604],[86.55567408159362,26.814265768950122],[86.53366558200105,26.788470768311356],[86.57962101859516,26.775397018857404],[86.57631845713115,26.739216331568514],[86.59072927003984,26.697066581257786],[86.62999426951995,26.689977581700077],[86.6942421449591,26.689877643638397],[86.7081478950094,26.70638358103747],[86.74080351956684,26.711513394027975],[86.76614420698962,26.694527831094604],[86.80237870701177,26.712300768465752],[86.83777826925177,26.710786206718126],[86.85089708193482,26.691437456573397],[86.8873853949201,26.71173470639161],[86.91298908188071,26.738933269055167],[86.96628770691223,26.735566331421126],[86.99333945705035,26.69816633161099],[87.0124480198603,26.71051051864555],[87.04034402026036,26.75374958177781],[87.10162714477696,26.75097701867452],[87.1466551447192,26.82245620598917],[87.15478708265778,26.86813283116527],[87.1672837695304,26.87757651844163],[87.15857220774126,26.915294019403518],[87.13792695806274,26.92700314388003],[87.02826045675471,26.897707893704364],[87.00576483218134,26.886393144428098],[86.95400489411065,26.90425220627435],[86.91634020673519,26.89538183140644],[86.86519301904264,26.894773581235825],[86.8362272696728,26.874522768810778],[86.80770633218157,26.872622768426083],[86.7739173316196,26.8862823308649],[86.76326427022997,26.924861331085594],[86.76691670754008,26.957194581964416],[86.74938370749214,27.024492456861424],[86.7291509570511,27.039143582110682],[86.70168708179347,27.0926992684565],[86.67122814486305,27.119719956910558],[86.57873176985538,27.15110614433314],[86.53558708247795,27.134792456806508],[86.49474714346593,27.104451394016678],[86.46125101971882,27.118110206420965],[86.43586158094723,27.14877226872528]]]},"properties":{"OBJECTID":14,"PROVINCE":1,"PR_NAME":"Province No 1","DISTRICT":"Udayapur"}},
{"type":"Feature","geometry":{"type":"Polygon","coordinates":[[[85.18314476841641,27.254288894317085],[85.15821389305677,27.26184401968584],[85.12885320551106,27.292336957284817],[85.11901051782121,27.31762614413128],[85.0971130800047,27.332186207627444],[85.08927351795853,27.36064358193579],[85.05897058102755,27.365398393820897],[85.00665695555409,27.352633082151044],[84.97167233061361,27.356003707005527],[84.95980020581493,27.300032393979848],[84.9752495801041,27.26884345666025],[84.96536526819261,27.214496143882002],[84.94688151836743,27.162872894668396],[84.95736164282562,27.134650269494387],[84.94157733042954,27.093551581140616],[84.90224245542504,27.045626519548307],[84.91347520541643,27.01793214355365],[84.86839201767754,26.983496018726328],[84.91212701824736,26.967710769236646],[84.96483833022484,26.960035269612035],[84.98046532961132,26.940020581384772],[84.9738748935116,26.915323518965295],[85.00171151797224,26.911906456717645],[85.0311325176516,26.874579706688166],[85.03066726778025,26.853789330713084],[85.0867618931469,26.854723268564044],[85.1133588938979,26.872180018692973],[85.17858507973767,26.868934394206974],[85.18132751825044,26.924918456022],[85.16619476737469,26.93799851871671],[85.16783651844065,26.985868456364244],[85.18499001807493,27.018327955870518],[85.18114620593269,27.038403831271864],[85.20236558010748,27.0692312690079],[85.1994167678696,27.107186019219455],[85.23346858001099,27.133895081792616],[85.271574705908,27.227776081800812],[85.27114395492964,27.227134706901268],[85.26859351807644,27.226036456617237],[85.26764864357011,27.226516582174554],[85.26486564293515,27.226722206764464],[85.2630554551452,27.226686643973494],[85.26247008102945,27.227822332134963],[85.26232333055731,27.228017706252217],[85.25815151767847,27.235589019417773],[85.2542444553174,27.241210644655553],[85.25375201804127,27.2446829576524],[85.24779708067081,27.246304331879458],[85.24654976865696,27.24736233210598],[85.24584826868272,27.248013894525684],[85.24442489369397,27.248513894200926],[85.23712639346832,27.246015457047747],[85.23451976877237,27.24377995647984],[85.23402626849753,27.243100582525926],[85.23387626787553,27.24311545731257],[85.22920926849298,27.2442823951165],[85.22895258039733,27.24429364383667],[85.22617820516012,27.244990331538645],[85.2260100814002,27.244910582357534],[85.21944695591236,27.244392581852196],[85.21922889279921,27.2445389573071],[85.21892114299641,27.244857456706313],[85.2177686429086,27.246354394439777],[85.21665439278604,27.246499456884465],[85.21589008056282,27.246327832063855],[85.20868226797234,27.248235893971355],[85.20352926776155,27.249798769097993],[85.20197014370723,27.249020207116928],[85.20170020589984,27.248745019067428],[85.20138226767756,27.24793545745547],[85.20076633100143,27.247060769638836],[85.19929989377516,27.24532695677368],[85.19199358113889,27.245894769827828],[85.18649714332855,27.246690581705025],[85.1850589556064,27.246887706802283],[85.17952639292872,27.24934876992984],[85.18002908067757,27.24996951887823],[85.18010895576373,27.250126768935274],[85.18307320576389,27.253612582554695],[85.18314476841641,27.254288894317085]]]},"properties":{"OBJECTID":15,"PROVINCE":2,"PR_NAME":"Province No 2","DISTRICT":"Bara"}},
{"type":"Feature","geometry":{"type":"Polygon","coordinates":[[[85.92605120599842,27.126475831394544],[85.91335845612792,27.13212976927349],[85.9079101437382,27.13353158211686],[85.90789170673696,27.133416394251242],[85.90701564385694,27.132633332062653],[85.90577889348123,27.131786581685446],[85.90432276878079,27.12773851911743],[85.90379545669504,27.125793894372805],[85.91871245661463,27.110432831709886],[85.91889064378825,27.109669207468016],[85.91995095617176,27.108091144590674],[85.9367022690945,27.098902144418503],[85.93915945614407,27.083369393982423],[85.94157683110592,27.07118483211434],[85.9475699563884,27.06054326855707],[85.94248964298271,27.052715957075804],[85.93929126887701,27.049643456580327],[85.93538289350579,27.043584706868785],[85.93291408181949,27.041857894326427],[85.91995126913582,27.042713457160346],[85.91912370669377,27.04255364403548],[85.92114364426385,27.036054831765114],[85.92652233204007,27.034602206326838],[85.92673826825654,27.034355643698063],[85.92697039406846,27.02481489439191],[85.92686633081655,27.024660643573895],[85.91919164417908,27.01805826897396],[85.91469726876397,27.010473581990254],[85.91552483120603,27.001057082118677],[85.91597995650983,26.994582269156467],[85.9146015808983,26.98695395695961],[85.91427101889246,26.986263206581782],[85.91305108134236,26.983760393327543],[85.91090489334618,26.977633332012715],[85.91084701927457,26.975796081823773],[85.91095733101605,26.97411595668609],[85.90896445584502,26.962008206813323],[85.90855933104837,26.960608332008974],[85.90926433118398,26.959050081196324],[85.91278558079,26.95860345718387],[85.91448783104863,26.9587428314166],[85.9170032060332,26.958739644219236],[85.91991251824817,26.9555532688683],[85.91646083120247,26.94041070728838],[85.91666689376217,26.94009639333393],[85.91732176838497,26.93858058152864],[85.91532895616643,26.932463769787205],[85.91520983106892,26.922514081659585],[85.91396514327681,26.921714768721642],[85.91212020568298,26.921118457051193],[85.909934830628,26.919158706609096],[85.9077210190099,26.914497831609708],[85.90709070577151,26.912058144467835],[85.90700864353414,26.911827331666075],[85.90505889355313,26.9058506441919],[85.9039574560718,26.903596893681765],[85.9035861430861,26.8991690815879],[85.90331864334075,26.898399832086625],[85.90108226863185,26.882882706471776],[85.90047351933748,26.882169455955705],[85.90393370587589,26.871954144068525],[85.90554951869541,26.87123333115335],[85.91141764360941,26.87038733171005],[85.91929045628956,26.864314581352915],[85.91896276851702,26.862491018845503],[85.92008783208786,26.859602393735543],[85.92016370698957,26.858993768547634],[85.92052114343608,26.85599526876672],[85.92025833095727,26.85522614337185],[85.92123495692778,26.85447758097564],[85.92145751934908,26.854021143561],[85.92182133108963,26.853990143930048],[85.92118208128807,26.852793831570125],[85.92168570613052,26.84557464345511],[85.92136508163327,26.842279956454888],[85.92119451891199,26.841168456459172],[85.92062795681483,26.84062483157078],[85.91961614307058,26.833333143709638],[85.91777514360803,26.828375081444904],[85.91862964344335,26.823279706193546],[85.9163555178929,26.816677768664135],[85.91414314429073,26.8083727067351],[85.91258595557747,26.806415644366552],[85.91232945633942,26.80644976914158],[85.91134451883454,26.805668206122846],[85.91151476859176,26.8046563941773],[85.91306220595612,26.802001081085052],[85.91141570646971,26.78839970658123],[85.91137964365566,26.788092456801508],[85.91003358158457,26.784298019238236],[85.90231495676989,26.779034893445612],[85.90200583100437,26.77856995653832],[85.90026089352546,26.77557326889132],[85.89913964397942,26.76703495609837],[85.89572945614952,26.763301018627146],[85.89529176870025,26.762873394591566],[85.89454333130976,26.762055206682476],[85.89429439357144,26.76183658149307],[85.89128258112629,26.759337706370104],[85.8885627066037,26.759271268953967],[85.88636914412075,26.7594638938437],[85.88551445632714,26.759658019701874],[85.88347295661174,26.75455126892598],[85.88217670619008,26.751447393782257],[85.88232989311012,26.751238707000766],[85.88319408134186,26.74954864345517],[85.88402108080828,26.74308120583305],[85.88519233086146,26.742756518198803],[85.88604483150385,26.74235476945711],[85.88732195604348,26.74216395670129],[85.88800483105814,26.741530706277103],[85.88787839357309,26.74099264369562],[85.8879233317964,26.74018745638608],[85.88956345598876,26.7395549568958],[85.89108508101174,26.735717269136728],[85.89512483114612,26.721638768314563],[85.89542358143319,26.721349956435404],[85.8955130819632,26.719813955749487],[85.89371258077102,26.717250081226325],[85.89406320665171,26.713599456949453],[85.89181339427279,26.711977518847448],[85.89126120603987,26.71164826805318],[85.89109795660545,26.70204320642887],[85.89116795623625,26.699911394095636],[85.8892184562668,26.697562893712643],[85.89058058112897,26.697165081303524],[85.89393289398794,26.692527019406498],[85.90171476812213,26.686503768634054],[85.90348620592374,26.684723519275053],[85.90880133141638,26.678906456068148],[85.90804508161528,26.67583395557267],[85.90391458089323,26.670330081268276],[85.9032354560515,26.66994576858241],[85.89932851959554,26.66776283158947],[85.90801783125795,26.66424195610142],[85.90804364359934,26.66291983128525],[85.9067668311244,26.656722519428797],[85.90763964385457,26.656381706050922],[85.90787633102792,26.65546064379373],[85.90571589327391,26.652790330909113],[85.90450414315177,26.652688456607052],[85.90414245650919,26.652726269501784],[85.90144501827302,26.65179608182376],[85.89514683126129,26.646464705581764],[85.89495626851703,26.646273643713755],[85.88920783167617,26.642036206405862],[85.88348695635801,26.636169518608426],[85.88340233105282,26.635995081607803],[85.88240495592402,26.635398268115637],[85.88091833161576,26.63489464417256],[85.88070489461523,26.63512314301869],[85.87821126883506,26.636841081051102],[85.87736108124898,26.636665081028696],[85.87715139352207,26.635898456648533],[85.87428276843508,26.63424208080744],[85.87223014410591,26.629945144352973],[85.86732895676602,26.628376268949694],[85.86418089433289,26.617932706429315],[85.85689851895154,26.617865331020255],[85.8548514560299,26.615432144178158],[85.85358620613857,26.612247018884887],[85.85394308140815,26.609630018710448],[85.8569468934844,26.61013033134975],[85.8563600813527,26.607916455879774],[85.85650489378588,26.606234268596666],[85.86241014361332,26.56990826885169],[85.95789333081268,26.630551268526403],[85.97835695700803,26.657911831465924],[86.01213808130746,26.653610393904614],[86.02932364357139,26.66637251837699],[86.15294114341907,26.614055206582577],[86.15642958126023,26.622673831532154],[86.15676358227358,26.62386283150454],[86.15708789399116,26.624492081744222],[86.1527261442962,26.6340208313963],[86.15290883077796,26.636571956230853],[86.15808051890087,26.639412205908627],[86.16098589388395,26.640115330957826],[86.16269720661086,26.64038951896117],[86.16666683210866,26.638496893916567],[86.1680007065674,26.638829706026172],[86.16960326967524,26.640035080854375],[86.17007589398736,26.64039664428975],[86.1716019562653,26.649946644022464],[86.17198933204207,26.651262331491466],[86.17675445645307,26.65206626874334],[86.17970108153975,26.652690393746752],[86.18540008174841,26.654945956390804],[86.19347608095643,26.663928393980257],[86.19656789439284,26.664634206203687],[86.19708126878561,26.665034268716568],[86.1994716434017,26.672131393648954],[86.20178464394621,26.68262883185514],[86.20191089437236,26.682891331369888],[86.19575314369268,26.697881394011176],[86.1956252061384,26.697896455856778],[86.19565389451168,26.699178394467367],[86.19662308218955,26.70079964368864],[86.19585183169676,26.70337233156789],[86.19471283133214,26.70754070633859],[86.19448733172504,26.71231901930736],[86.19139045690412,26.714720456483917],[86.19052751873005,26.718023831834444],[86.18819164392926,26.720508581306035],[86.18380476987431,26.72924139407513],[86.18330051910374,26.73060376894881],[86.18265289391599,26.732342206127953],[86.17941576892264,26.738030518793437],[86.1789187064332,26.74179845693328],[86.1776611439467,26.745446893159624],[86.1738903315736,26.749681019163745],[86.17192658184632,26.74984783171209],[86.16653583146353,26.749574768760624],[86.16627808216782,26.749625144285005],[86.16133564382494,26.752439331609935],[86.15930089442082,26.755076580919535],[86.15934570583971,26.755600393743237],[86.14696989414534,26.787540956549947],[86.14849020615816,26.790149706343925],[86.1528806442264,26.794637394400297],[86.15332695707349,26.796370832248158],[86.15427364461306,26.799736580978504],[86.15488145681383,26.802637706664882],[86.15494639416085,26.812664144734526],[86.15609733212625,26.814704206434044],[86.1562673318719,26.823074956644007],[86.15300251855143,26.837188518435426],[86.15750445726496,26.8445922060655],[86.15469120703364,26.852037955887],[86.15149308114081,26.85327120610134],[86.1410755189201,26.87495495690581],[86.13993789361894,26.876852519228407],[86.13712408131136,26.88278151835243],[86.13676901907502,26.885636143693148],[86.13379539364257,26.889783581347274],[86.13351426826893,26.89298170634072],[86.13634714440525,26.898920269754683],[86.13479839403072,26.91417420607479],[86.13895783223825,26.91829076910375],[86.14168401910229,26.920636144342666],[86.15052351934497,26.929648144446332],[86.15094776912429,26.930688706818444],[86.1609558313466,26.934180831879928],[86.16397389408002,26.924761768940527],[86.16478926890971,26.924461893601574],[86.16827176942667,26.922817144195903],[86.18164389415045,26.91346508164827],[86.18398914438359,26.91039389416295],[86.18653989420079,26.90839126944161],[86.19209220688987,26.904632081705245],[86.19429333177192,26.903852581731314],[86.20536676956084,26.900776394015395],[86.21600689420285,26.897130519058237],[86.2187598943537,26.893223831714522],[86.22123595637436,26.88940808111812],[86.2223710815602,26.888518456461668],[86.22334914374807,26.888160519092708],[86.2247737696938,26.888642206772488],[86.22580414364637,26.894043393787626],[86.22938195701175,26.903757393888668],[86.23663795617682,26.903036206855518],[86.23995614336138,26.903306831744942],[86.2441509564016,26.905186581195835],[86.2478277698358,26.913794831566292],[86.25081914428813,26.914155957031824],[86.25411058203781,26.911517394712064],[86.25584808212335,26.911043643549363],[86.26209414442928,26.917803331158836],[86.25951139403566,26.92617083121894],[86.25935664409388,26.92909908225687],[86.25496733107752,26.933417706761816],[86.25452983158652,26.93380801972438],[86.25224089420198,26.935571894227564],[86.24739033149865,26.93765820716061],[86.24160720600781,26.94220139417905],[86.23990476958949,26.943656769744166],[86.23059908148247,26.94882351968971],[86.22303801878957,26.954811643842334],[86.22100839372246,26.95448683210168],[86.22122914400984,26.95520558197211],[86.221118144287,26.95696739432981],[86.2137172058844,26.96418345640143],[86.2117179563187,26.965754143938625],[86.21051814379734,26.966261956024482],[86.20578139389625,26.968568644227616],[86.20451808204393,26.969416768768895],[86.20386483159677,26.969548456496113],[86.19899895703628,26.97195564483718],[86.19475533149341,26.976083644544588],[86.18768083080573,26.981977831811548],[86.17659983151708,26.986571018437814],[86.16911508169574,26.98872951905213],[86.15911326886231,26.99316970671663],[86.14456839311691,26.998849894007435],[86.13610370602129,27.002914144372312],[86.12601051937003,27.00740333159854],[86.12543489390526,27.00755995662672],[86.118535519099,27.010597144342796],[86.10874089387721,27.014908643519107],[86.08501395622915,27.018055455894626],[86.05037495693875,27.02099651957377],[86.03867633114783,27.019658019002406],[86.03748264390896,27.019956769289536],[86.0224045187536,27.01913983143811],[86.02197789386474,27.019233894228876],[86.02018970619002,27.019298206547035],[86.01831426898838,27.019610081540065],[86.01729083060741,27.01981501904794],[86.01644258106035,27.019425519072513],[86.01479114339662,27.018360206458397],[86.00291389336155,27.021074644579244],[86.00147733161361,27.022366456846555],[85.99046801908389,27.02751158169417],[85.98949745634258,27.028621644573263],[85.97990289430317,27.041400768930373],[85.97861214323586,27.04294614414931],[85.97248351889931,27.054571894277558],[85.9730240806968,27.055794331043614],[85.9717606438387,27.058495081482874],[85.97094845620637,27.06267258167435],[85.97032801932266,27.0648838940765],[85.96849839448538,27.068670394223375],[85.96733958205613,27.073377832521032],[85.96592208143898,27.072640831808997],[85.96451314416635,27.07876126961696],[85.96152764408555,27.08123933172982],[85.96073139333919,27.08201639454103],[85.95279776850225,27.083627332135734],[85.95266176852584,27.08459889402377],[85.9528258309474,27.08528833229076],[85.95305989389902,27.087733768798444],[85.95022576860441,27.088184206835706],[85.94878226858691,27.090195206043973],[85.94869595705285,27.09032770675833],[85.94540120620076,27.094725644273126],[85.9423312687731,27.100138331818584],[85.93937714423987,27.115276956166667],[85.9396763936507,27.121549769706178],[85.9330450186128,27.1243628940324],[85.92605120599842,27.126475831394544]]]},"properties":{"OBJECTID":16,"PROVINCE":2,"PR_NAME":"Province No 2","DISTRICT":"Dhanusha"}},
{"type":"Feature","geometry":{"type":"Polygon","coordinates":[[[85.9079101437382,27.13353158211686],[85.88520626945382,27.14608820700522],[85.86428951894618,27.127102331507444],[85.81816595589419,27.160991269231715],[85.79614545664754,27.137836706898554],[85.80325489329874,27.10456208167477],[85.75001508123108,27.03423970669718],[85.74142808184058,26.992429519706604],[85.70583933102034,26.897797956310683],[85.6784770818519,26.86412545662455],[85.68253414393564,26.84296920676354],[85.7235231437781,26.819765643969333],[85.73671901846797,26.79558239391241],[85.72820083160315,26.72058589332437],[85.7345064560082,26.653718018471807],[85.7715805190258,26.6296348944349],[85.80368745551169,26.62397620633692],[85.8198056439154,26.60244826847287],[85.85650489378588,26.606234268596666],[85.8563600813527,26.607916455879774],[85.8569468934844,26.61013033134975],[85.85394308140815,26.609630018710448],[85.85358620613857,26.612247018884887],[85.8548514560299,26.615432144178158],[85.85689851895154,26.617865331020255],[85.86418089433289,26.617932706429315],[85.86732895676602,26.628376268949694],[85.87223014410591,26.629945144352973],[85.87428276843508,26.63424208080744],[85.87715139352207,26.635898456648533],[85.87736108124898,26.636665081028696],[85.87821126883506,26.636841081051102],[85.88070489461523,26.63512314301869],[85.88091833161576,26.63489464417256],[85.88240495592402,26.635398268115637],[85.88340233105282,26.635995081607803],[85.88348695635801,26.636169518608426],[85.88920783167617,26.642036206405862],[85.89495626851703,26.646273643713755],[85.89514683126129,26.646464705581764],[85.90144501827302,26.65179608182376],[85.90414245650919,26.652726269501784],[85.90450414315177,26.652688456607052],[85.90571589327391,26.652790330909113],[85.90787633102792,26.65546064379373],[85.90763964385457,26.656381706050922],[85.9067668311244,26.656722519428797],[85.90804364359934,26.66291983128525],[85.90801783125795,26.66424195610142],[85.89932851959554,26.66776283158947],[85.9032354560515,26.66994576858241],[85.90391458089323,26.670330081268276],[85.90804508161528,26.67583395557267],[85.90880133141638,26.678906456068148],[85.90348620592374,26.684723519275053],[85.90171476812213,26.686503768634054],[85.89393289398794,26.692527019406498],[85.89058058112897,26.697165081303524],[85.8892184562668,26.697562893712643],[85.89116795623625,26.699911394095636],[85.89109795660545,26.70204320642887],[85.89126120603987,26.71164826805318],[85.89181339427279,26.711977518847448],[85.89406320665171,26.713599456949453],[85.89371258077102,26.717250081226325],[85.8955130819632,26.719813955749487],[85.89542358143319,26.721349956435404],[85.89512483114612,26.721638768314563],[85.89108508101174,26.735717269136728],[85.88956345598876,26.7395549568958],[85.8879233317964,26.74018745638608],[85.88787839357309,26.74099264369562],[85.88800483105814,26.741530706277103],[85.88732195604348,26.74216395670129],[85.88604483150385,26.74235476945711],[85.88519233086146,26.742756518198803],[85.88402108080828,26.74308120583305],[85.88319408134186,26.74954864345517],[85.88232989311012,26.751238707000766],[85.88217670619008,26.751447393782257],[85.88347295661174,26.75455126892598],[85.88551445632714,26.759658019701874],[85.88636914412075,26.7594638938437],[85.8885627066037,26.759271268953967],[85.89128258112629,26.759337706370104],[85.89429439357144,26.76183658149307],[85.89454333130976,26.762055206682476],[85.89529176870025,26.762873394591566],[85.89572945614952,26.763301018627146],[85.89913964397942,26.76703495609837],[85.90026089352546,26.77557326889132],[85.90200583100437,26.77856995653832],[85.90231495676989,26.779034893445612],[85.91003358158457,26.784298019238236],[85.91137964365566,26.788092456801508],[85.91141570646971,26.78839970658123],[85.91306220595612,26.802001081085052],[85.91151476859176,26.8046563941773],[85.91134451883454,26.805668206122846],[85.91232945633942,26.80644976914158],[85.91258595557747,26.806415644366552],[85.91414314429073,26.8083727067351],[85.9163555178929,26.816677768664135],[85.91862964344335,26.823279706193546],[85.91777514360803,26.828375081444904],[85.91961614307058,26.833333143709638],[85.92062795681483,26.84062483157078],[85.92119451891199,26.841168456459172],[85.92136508163327,26.842279956454888],[85.92168570613052,26.84557464345511],[85.92118208128807,26.852793831570125],[85.92182133108963,26.853990143930048],[85.92145751934908,26.854021143561],[85.92123495692778,26.85447758097564],[85.92025833095727,26.85522614337185],[85.92052114343608,26.85599526876672],[85.92016370698957,26.858993768547634],[85.92008783208786,26.859602393735543],[85.91896276851702,26.862491018845503],[85.91929045628956,26.864314581352915],[85.91141764360941,26.87038733171005],[85.90554951869541,26.87123333115335],[85.90393370587589,26.871954144068525],[85.90047351933748,26.882169455955705],[85.90108226863185,26.882882706471776],[85.90331864334075,26.898399832086625],[85.9035861430861,26.8991690815879],[85.9039574560718,26.903596893681765],[85.90505889355313,26.9058506441919],[85.90700864353414,26.911827331666075],[85.90709070577151,26.912058144467835],[85.9077210190099,26.914497831609708],[85.909934830628,26.919158706609096],[85.91212020568298,26.921118457051193],[85.91396514327681,26.921714768721642],[85.91520983106892,26.922514081659585],[85.91532895616643,26.932463769787205],[85.91732176838497,26.93858058152864],[85.91666689376217,26.94009639333393],[85.91646083120247,26.94041070728838],[85.91991251824817,26.9555532688683],[85.9170032060332,26.958739644219236],[85.91448783104863,26.9587428314166],[85.91278558079,26.95860345718387],[85.90926433118398,26.959050081196324],[85.90855933104837,26.960608332008974],[85.90896445584502,26.962008206813323],[85.91095733101605,26.97411595668609],[85.91084701927457,26.975796081823773],[85.91090489334618,26.977633332012715],[85.91305108134236,26.983760393327543],[85.91427101889246,26.986263206581782],[85.9146015808983,26.98695395695961],[85.91597995650983,26.994582269156467],[85.91552483120603,27.001057082118677],[85.91469726876397,27.010473581990254],[85.91919164417908,27.01805826897396],[85.92686633081655,27.024660643573895],[85.92697039406846,27.02481489439191],[85.92673826825654,27.034355643698063],[85.92652233204007,27.034602206326838],[85.92114364426385,27.036054831765114],[85.91912370669377,27.04255364403548],[85.91995126913582,27.042713457160346],[85.93291408181949,27.041857894326427],[85.93538289350579,27.043584706868785],[85.93929126887701,27.049643456580327],[85.94248964298271,27.052715957075804],[85.9475699563884,27.06054326855707],[85.94157683110592,27.07118483211434],[85.93915945614407,27.083369393982423],[85.9367022690945,27.098902144418503],[85.91995095617176,27.108091144590674],[85.91889064378825,27.109669207468016],[85.91871245661463,27.110432831709886],[85.90379545669504,27.125793894372805],[85.90432276878079,27.12773851911743],[85.90577889348123,27.131786581685446],[85.90701564385694,27.132633332062653],[85.90789170673696,27.133416394251242],[85.9079101437382,27.13353158211686]]]},"properties":{"OBJECTID":17,"PROVINCE":2,"PR_NAME":"Province No 2","DISTRICT":"Mahottari"}},
{"type":"Feature","geometry":{"type":"Polygon","coordinates":[[[84.66694295485354,27.429249644855304],[84.63026220493686,27.45058820708016],[84.57817432998138,27.453715957425572],[84.5362555174782,27.412251456339675],[84.54120089210755,27.38513845787361],[84.50621708015416,27.380903394775885],[84.48802333021257,27.35831270646628],[84.62492283012455,27.33529920729262],[84.69172545466608,27.223256019050098],[84.68259632955704,27.16728914417871],[84.68573270530015,27.14338158219431],[84.66837626825026,27.08748233184417],[84.64931464195723,27.075584706768836],[84.64499683043942,27.046169706466856],[84.75892345535323,27.002584582412624],[84.79598457982456,26.99566001939445],[84.8189220170375,27.02054014421236],[84.85687364300429,27.00795751992365],[84.86839201767754,26.983496018726328],[84.91347520541643,27.01793214355365],[84.90224245542504,27.045626519548307],[84.94157733042954,27.093551581140616],[84.95736164282562,27.134650269494387],[84.94688151836743,27.162872894668396],[84.96536526819261,27.214496143882002],[84.9752495801041,27.26884345666025],[84.95980020581493,27.300032393979848],[84.97167233061361,27.356003707005527],[84.92360133063698,27.37052045645396],[84.79311826779389,27.437483645054215],[84.66694295485354,27.429249644855304]]]},"properties":{"OBJECTID":18,"PROVINCE":2,"PR_NAME":"Province No 2","DISTRICT":"Parsa"}},
{"type":"Feature","geometry":{"type":"Polygon","coordinates":[[[85.30295126788678,27.230161395032383],[85.29352551848797,27.232137269419525],[85.29251364358981,27.231456206538724],[85.28272826879464,27.23087158245761],[85.28238733131036,27.228981644587293],[85.28177195491185,27.22847745676927],[85.2790383315538,27.22875733208525],[85.27646226851891,27.229349394459064],[85.27418270476807,27.22899108207281],[85.27196476795973,27.228171895017],[85.271574705908,27.227776081800812],[85.23346858001099,27.133895081792616],[85.1994167678696,27.107186019219455],[85.20236558010748,27.0692312690079],[85.18114620593269,27.038403831271864],[85.18499001807493,27.018327955870518],[85.16783651844065,26.985868456364244],[85.16619476737469,26.93799851871671],[85.18132751825044,26.924918456022],[85.17858507973767,26.868934394206974],[85.19505801741366,26.862690144034957],[85.19339658018811,26.830947018390248],[85.17897276847856,26.809394644147574],[85.19973158004842,26.769251581695187],[85.30776989296623,26.751821643953747],[85.32839589265637,26.74434395650843],[85.3484507679886,26.759405580902865],[85.34261670579639,26.789010643926133],[85.32434020563602,26.803346081956192],[85.34448801870718,26.858152956393894],[85.39775826832948,26.89207239372604],[85.3884775184228,26.920171643606523],[85.3998184550577,26.936521706012],[85.39970426903682,26.99270920616499],[85.39075051802206,27.014338706266358],[85.43669795604592,27.069369957057916],[85.43428908057666,27.085359769038178],[85.47372739380421,27.118303206327937],[85.49178089357343,27.15430195627033],[85.49744695611219,27.17336951898818],[85.47483708076675,27.161542956542235],[85.45035945562444,27.18648101928369],[85.3954150181886,27.21011989441763],[85.39386839381137,27.208625893869964],[85.39311526825509,27.208689769117598],[85.39297108085077,27.209070268678033],[85.3903499554861,27.208636019336893],[85.39010583091942,27.208333831840946],[85.38942626900717,27.20771783221221],[85.3789681437649,27.21174026949791],[85.37884020621061,27.211797894457334],[85.3765056426214,27.2105032070574],[85.37506226760962,27.209748019355686],[85.37500026834778,27.2097869573023],[85.37101426889348,27.211646831735948],[85.36802595663266,27.211888019116827],[85.36758658025656,27.21197139436441],[85.36089520514963,27.21276751920567],[85.35879683050939,27.213033769792673],[85.35753808091778,27.214541957145684],[85.35227658109937,27.220021331219527],[85.34106745539879,27.219287518604176],[85.3372068933835,27.221278332529096],[85.33546226796938,27.222549456792024],[85.32891026889388,27.224112143960326],[85.32501364316516,27.225320081856353],[85.31343158030325,27.230487768895443],[85.31278801825249,27.23017333173391],[85.30925845621283,27.23156239398935],[85.30747189361307,27.229997456717285],[85.30295126788678,27.230161395032383]]]},"properties":{"OBJECTID":19,"PROVINCE":2,"PR_NAME":"Province No 2","DISTRICT":"Rautahat"}},
{"type":"Feature","geometry":{"type":"Polygon","coordinates":[[[87.0124480198603,26.71051051864555],[86.99333945705035,26.69816633161099],[86.96628770691223,26.735566331421126],[86.91298908188071,26.738933269055167],[86.8873853949201,26.71173470639161],[86.85089708193482,26.691437456573397],[86.83777826925177,26.710786206718126],[86.80237870701177,26.712300768465752],[86.76614420698962,26.694527831094604],[86.74080351956684,26.711513394027975],[86.7081478950094,26.70638358103747],[86.6942421449591,26.689877643638397],[86.62999426951995,26.689977581700077],[86.59072927003984,26.697066581257786],[86.57631845713115,26.739216331568514],[86.57962101859516,26.775397018857404],[86.53366558200105,26.788470768311356],[86.52934689364429,26.742755769063535],[86.50494433131587,26.723073018804826],[86.51189833184259,26.70001301838613],[86.50083939472233,26.65724551836604],[86.51396108163868,26.59857695596179],[86.48831483246363,26.549479144247186],[86.54422564449794,26.53815476862775],[86.57265758148225,26.49615801817805],[86.62825676943442,26.48054745570056],[86.64200764453722,26.463150893598936],[86.6984747061428,26.448537269179667],[86.74314401958088,26.424221206343645],[86.76869895699133,26.458970706233174],[86.83585064439177,26.438688768272073],[86.86267464391972,26.455959393811042],[86.8964849566155,26.46189864430704],[86.90652639537689,26.487958643676507],[86.93572601974006,26.533228956051516],[86.95334370714642,26.536907643672862],[86.99487095752875,26.57200208123112],[86.9812842078,26.624853269263042],[87.01529351978019,26.669721143116305],[87.0124480198603,26.71051051864555]]]},"properties":{"OBJECTID":20,"PROVINCE":2,"PR_NAME":"Province No 2","DISTRICT":"Saptari"}},
{"type":"Feature","geometry":{"type":"Polygon","coordinates":[[[85.81816595589419,27.160991269231715],[85.72781270669111,27.194575957314612],[85.70064820585009,27.18575289488024],[85.63060358109044,27.137134081872432],[85.49178089357343,27.15430195627033],[85.47372739380421,27.118303206327937],[85.43428908057666,27.085359769038178],[85.43669795604592,27.069369957057916],[85.39075051802206,27.014338706266358],[85.39970426903682,26.99270920616499],[85.3998184550577,26.936521706012],[85.3884775184228,26.920171643606523],[85.39775826832948,26.89207239372604],[85.34448801870718,26.858152956393894],[85.32434020563602,26.803346081956192],[85.34261670579639,26.789010643926133],[85.3484507679886,26.759405580902865],[85.32839589265637,26.74434395650843],[85.37334251834261,26.758361081298915],[85.40995508076242,26.790951081427295],[85.45387939401888,26.781235706262862],[85.4978414554189,26.796975644310578],[85.54468776852576,26.837263331237807],[85.59024664276842,26.84854158152882],[85.62573920659918,26.873302331237653],[85.64463489358553,26.852952018720714],[85.68253414393564,26.84296920676354],[85.6784770818519,26.86412545662455],[85.70583933102034,26.897797956310683],[85.74142808184058,26.992429519706604],[85.75001508123108,27.03423970669718],[85.80325489329874,27.10456208167477],[85.79614545664754,27.137836706898554],[85.81816595589419,27.160991269231715]]]},"properties":{"OBJECTID":21,"PROVINCE":2,"PR_NAME":"Province No 2","DISTRICT":"Sarlahi"}},
{"type":"Feature","geometry":{"type":"Polygon","coordinates":[[[86.53366558200105,26.788470768311356],[86.55567408159362,26.814265768950122],[86.55441320690403,26.83488126815604],[86.52191370735176,26.831500705792962],[86.50695914364962,26.85590514410717],[86.45925464438636,26.88711195725108],[86.41598383158862,26.906538768549353],[86.38505226944676,26.907878769189892],[86.36771333140518,26.872088643975815],[86.30095451913581,26.885496768561097],[86.27357651924103,26.88218814386778],[86.24921970722374,26.86349795646555],[86.22979689431128,26.880338331049188],[86.18147826870717,26.899301831414448],[86.15983258170832,26.929645206361215],[86.1609558313466,26.934180831879928],[86.15094776912429,26.930688706818444],[86.15052351934497,26.929648144446332],[86.14168401910229,26.920636144342666],[86.13895783223825,26.91829076910375],[86.13479839403072,26.91417420607479],[86.13634714440525,26.898920269754683],[86.13351426826893,26.89298170634072],[86.13379539364257,26.889783581347274],[86.13676901907502,26.885636143693148],[86.13712408131136,26.88278151835243],[86.13993789361894,26.876852519228407],[86.1410755189201,26.87495495690581],[86.15149308114081,26.85327120610134],[86.15469120703364,26.852037955887],[86.15750445726496,26.8445922060655],[86.15300251855143,26.837188518435426],[86.1562673318719,26.823074956644007],[86.15609733212625,26.814704206434044],[86.15494639416085,26.812664144734526],[86.15488145681383,26.802637706664882],[86.15427364461306,26.799736580978504],[86.15332695707349,26.796370832248158],[86.1528806442264,26.794637394400297],[86.14849020615816,26.790149706343925],[86.14696989414534,26.787540956549947],[86.15934570583971,26.755600393743237],[86.15930089442082,26.755076580919535],[86.16133564382494,26.752439331609935],[86.16627808216782,26.749625144285005],[86.16653583146353,26.749574768760624],[86.17192658184632,26.74984783171209],[86.1738903315736,26.749681019163745],[86.1776611439467,26.745446893159624],[86.1789187064332,26.74179845693328],[86.17941576892264,26.738030518793437],[86.18265289391599,26.732342206127953],[86.18330051910374,26.73060376894881],[86.18380476987431,26.72924139407513],[86.18819164392926,26.720508581306035],[86.19052751873005,26.718023831834444],[86.19139045690412,26.714720456483917],[86.19448733172504,26.71231901930736],[86.19471283133214,26.70754070633859],[86.19585183169676,26.70337233156789],[86.19662308218955,26.70079964368864],[86.19565389451168,26.699178394467367],[86.1956252061384,26.697896455856778],[86.19575314369268,26.697881394011176],[86.20191089437236,26.682891331369888],[86.20178464394621,26.68262883185514],[86.1994716434017,26.672131393648954],[86.19708126878561,26.665034268716568],[86.19656789439284,26.664634206203687],[86.19347608095643,26.663928393980257],[86.18540008174841,26.654945956390804],[86.17970108153975,26.652690393746752],[86.17675445645307,26.65206626874334],[86.17198933204207,26.651262331491466],[86.1716019562653,26.649946644022464],[86.17007589398736,26.64039664428975],[86.16960326967524,26.640035080854375],[86.1680007065674,26.638829706026172],[86.16666683210866,26.638496893916567],[86.16269720661086,26.64038951896117],[86.16098589388395,26.640115330957826],[86.15808051890087,26.639412205908627],[86.15290883077796,26.636571956230853],[86.1527261442962,26.6340208313963],[86.15708789399116,26.624492081744222],[86.15676358227358,26.62386283150454],[86.15642958126023,26.622673831532154],[86.15294114341907,26.614055206582577],[86.18893189389183,26.614691394192562],[86.21962983195124,26.58811908073102],[86.25345070628515,26.614857268747983],[86.31021733116495,26.61967751800313],[86.39734414381724,26.584814019151736],[86.45786614420723,26.56777951870987],[86.48831483246363,26.549479144247186],[86.51396108163868,26.59857695596179],[86.50083939472233,26.65724551836604],[86.51189833184259,26.70001301838613],[86.50494433131587,26.723073018804826],[86.52934689364429,26.742755769063535],[86.53366558200105,26.788470768311356]]]},"properties":{"OBJECTID":22,"PROVINCE":2,"PR_NAME":"Province No 2","DISTRICT":"Siraha"}},
{"type":"Feature","geometry":{"type":"Polygon","coordinates":[[[85.52741608088746,27.72537620754599],[85.4773132057399,27.715496269936978],[85.43892101809058,27.727526206869015],[85.37518289277637,27.69207014472147],[85.35428695527884,27.667713769774707],[85.4227413304481,27.61992314423776],[85.46691808070494,27.62625376979571],[85.49601264266937,27.65281245672952],[85.50595514341518,27.689431082378576],[85.52244301793098,27.692737082850158],[85.52741608088746,27.72537620754599]]]},"properties":{"OBJECTID":23,"PROVINCE":3,"PR_NAME":"Bagmati Pradesh","DISTRICT":"Bhaktapur"}},
{"type":"Feature","geometry":{"type":"Polygon","coordinates":[[[84.66786157994801,27.82506945758945],[84.66288070458091,27.848778145295228],[84.59212220427634,27.879508644208613],[84.56093920428088,27.857732144522913],[84.55732676791604,27.835580332566337],[84.5271825172594,27.833180644571144],[84.51484945483855,27.81525970756951],[84.4479385798017,27.822936707263295],[84.43211776752099,27.7904568327167],[84.46214939248051,27.773944332065298],[84.44075026811043,27.743846082630682],[84.42417358014666,27.741093207485562],[84.43008626736741,27.703514582532023],[84.38024045443348,27.681075769930885],[84.35079389242424,27.702941645140868],[84.2944845170469,27.66812039464054],[84.2080145791096,27.638169081837702],[84.1373584549288,27.584338269495618],[84.10938920474808,27.55151520736098],[84.076744016823,27.55931526938423],[84.03856495500872,27.538514768841537],[83.97126451704389,27.55033895707726],[83.92206301709462,27.540933082695688],[83.94321014153485,27.49365114518423],[83.94666576761114,27.465588019271706],[83.9332849545371,27.449373519772166],[83.9485268291499,27.440965394637317],[83.99412107912457,27.444118082283694],[84.02895270510334,27.433398831690795],[84.05384982980587,27.442433456938545],[84.0702926419919,27.476062082299336],[84.09772951690371,27.48970208178571],[84.10682345423908,27.520395394631805],[84.17367495513514,27.475490832036314],[84.2562818300425,27.451945082599536],[84.29345626729298,27.38505570675551],[84.39325226667881,27.368285581814177],[84.42637814223752,27.371764957187054],[84.4717530169882,27.35496583270708],[84.48802333021257,27.35831270646628],[84.50621708015416,27.380903394775885],[84.54120089210755,27.38513845787361],[84.5362555174782,27.412251456339675],[84.57817432998138,27.453715957425572],[84.63026220493686,27.45058820708016],[84.66694295485354,27.429249644855304],[84.69891764333465,27.47558708197829],[84.68129370474077,27.523869644768354],[84.68224214236102,27.550707394031065],[84.73313370495657,27.581812269021043],[84.73835564269882,27.604515395069484],[84.72006739199662,27.63949070753017],[84.73369614276282,27.655579394573465],[84.76971932998316,27.65651451952948],[84.79437108096067,27.686709769840036],[84.79865733077128,27.70898001981209],[84.7596640803331,27.735438457518853],[84.69449833073344,27.72108295741259],[84.67236107970012,27.7379548316502],[84.6748159545927,27.78010964514408],[84.64021283015802,27.782702083034735],[84.6372208297775,27.806827270162444],[84.66786157994801,27.82506945758945]]]},"properties":{"OBJECTID":24,"PROVINCE":3,"PR_NAME":"Bagmati Pradesh","DISTRICT":"Chitawan"}},
{"type":"Feature","geometry":{"type":"Polygon","coordinates":[[[85.16208395551018,28.331724832734892],[85.11019026846617,28.346405895515716],[85.08278051800659,28.345685519671065],[85.04888376787164,28.325668521085447],[85.02916445567513,28.26131777039882],[85.0029948307469,28.252165270111163],[84.96429370529034,28.212539958152604],[84.95937414300238,28.12700839442192],[84.9310234552683,28.12610514503649],[84.91850076809601,28.102533707364728],[84.89465058105952,28.099753770719985],[84.87156657953409,28.120255458022996],[84.84657201778447,28.116497520344353],[84.81165683039848,28.034438082551503],[84.81351751691994,28.002720270124428],[84.79295126728721,27.998014270742033],[84.77133251768163,27.967070895105792],[84.74872414330463,27.960370519583876],[84.73528564231862,27.92735014529302],[84.73885558032083,27.891004769654444],[84.76591214183196,27.85985564442251],[84.77589770481529,27.82396083182698],[84.73404201752516,27.795446395534782],[84.68722726792413,27.81010289513256],[84.66786157994801,27.82506945758945],[84.6372208297775,27.806827270162444],[84.64021283015802,27.782702083034735],[84.6748159545927,27.78010964514408],[84.67236107970012,27.7379548316502],[84.69449833073344,27.72108295741259],[84.7596640803331,27.735438457518853],[84.79865733077128,27.70898001981209],[84.79437108096067,27.686709769840036],[84.83011576792842,27.691829644422626],[84.88204251764813,27.668525832401315],[84.9025445179152,27.693998457562827],[84.96088076823293,27.688849707548002],[84.99364583039079,27.707704332389085],[85.04488064262762,27.689956269366405],[85.07877458058249,27.708847394092004],[85.10285420535735,27.7080529572782],[85.13675033046343,27.674495144535342],[85.19092514248138,27.681158394244562],[85.2043317678968,27.71980589492614],[85.23817289316457,27.74374964473037],[85.269416206193,27.74545402008698],[85.2548707054188,27.775426457065407],[85.14183626822927,27.765639957218298],[85.1265283932708,27.760885394445438],[85.09031158021531,27.78745376977571],[85.01760533092136,27.81608251979253],[84.9911490803658,27.885480020286764],[85.00976670506947,27.91903677003097],[85.01215933068863,27.953358394973975],[85.03090164279666,27.971719895456886],[85.03175064237831,27.99536489497399],[84.99267195544644,28.015621957687245],[85.04384489342715,28.036807145033777],[85.0644680800379,28.06674333303846],[85.11670870574221,28.076498833254618],[85.12471158017536,28.091032707593456],[85.15187820521504,28.117058958104508],[85.17643276825771,28.162190395370487],[85.19625558073051,28.167586645107633],[85.20662633054076,28.20382445823219],[85.1908374549846,28.21929020737724],[85.20267451791472,28.256426582620747],[85.18285645566095,28.28072983281561],[85.16208395551018,28.331724832734892]]]},"properties":{"OBJECTID":25,"PROVINCE":3,"PR_NAME":"Bagmati Pradesh","DISTRICT":"Dhading"}},
{"type":"Feature","geometry":{"type":"Polygon","coordinates":[[[86.51798226886666,27.956364457154052],[86.50012364409093,27.95696639498317],[86.4448589571752,27.905463707084493],[86.4131536435259,27.906325145189328],[86.38371164467674,27.937613582600818],[86.32115776911581,27.947626145030597],[86.29116364408696,27.978144644959457],[86.23977470693723,27.972832020481405],[86.22913608146507,27.980694519736346],[86.22152714426238,28.036757770454813],[86.20662870724908,28.08335376986065],[86.22489645610665,28.095531208198736],[86.19956495615787,28.138039332948892],[86.17968783182806,28.142610145341962],[86.13472451832195,28.11639883234028],[86.1202150183085,28.091161332229774],[86.08541758095663,28.09114364526306],[86.09283170611837,28.03295395835852],[86.08189458126998,28.0218349582168],[86.1017172057845,27.992725519667033],[86.12634326852708,27.927390270344745],[86.09280639380012,27.919802394365036],[86.06736383207527,27.89952951977159],[86.04483495686782,27.867566956849657],[86.00485570592616,27.829937020177397],[86.0221132058598,27.80930070796137],[86.02213345589433,27.772201332625457],[86.00695551948172,27.74496858223432],[85.96885270668713,27.741923582107688],[85.93909183072344,27.709915019762377],[85.94166783080578,27.66938320736915],[85.92057514412767,27.663259520310646],[85.91295389340752,27.636819894622477],[85.88785714349245,27.611863206921498],[85.95458433110207,27.588794769063384],[86.00292758104308,27.54095333183085],[85.99011426805907,27.519331082063843],[86.00298170674046,27.502093082130102],[86.100952144426,27.498141832479632],[86.12011814333772,27.476005145321267],[86.14434776873458,27.49593789451825],[86.156469519253,27.535017957412833],[86.20518983154557,27.580137145013282],[86.29121358164156,27.603135207323987],[86.31407833115014,27.64575601982449],[86.35428789397116,27.693687644669126],[86.37816345717789,27.69210901971553],[86.42993014376117,27.73354933263562],[86.41293608223447,27.74701433214574],[86.42212270729715,27.813270707577146],[86.4410858317458,27.828089582468294],[86.47192739423389,27.825735769790015],[86.48907789462919,27.80862027010943],[86.54483939402286,27.81090020797825],[86.55651826980238,27.856880332761193],[86.5502191438984,27.93019845739292],[86.51798226886666,27.956364457154052]]]},"properties":{"OBJECTID":26,"PROVINCE":3,"PR_NAME":"Bagmati Pradesh","DISTRICT":"Dolakha"}},
{"type":"Feature","geometry":{"type":"Polygon","coordinates":[[[85.88331308143364,27.614290519392],[85.84455726910272,27.62583864543717],[85.78956795639613,27.665331394628197],[85.73745345611218,27.676487894700642],[85.70857926851846,27.652040395048232],[85.65846414370532,27.71567645720279],[85.6155927683916,27.73315627044559],[85.60621776773587,27.74853652014434],[85.57229020682763,27.744558207195553],[85.55229839285658,27.756677332592858],[85.52741608088746,27.72537620754599],[85.52244301793098,27.692737082850158],[85.50595514341518,27.689431082378576],[85.49601264266937,27.65281245672952],[85.46691808070494,27.62625376979571],[85.4227413304481,27.61992314423776],[85.40620670647439,27.60212414451371],[85.40412014263052,27.547168269500105],[85.43920983086906,27.541313457250283],[85.44567039317417,27.479900519193677],[85.40895408046651,27.447220019388453],[85.42091470574911,27.407997207105495],[85.47228708008475,27.387982581830727],[85.47487489366148,27.369845332696002],[85.50661045600782,27.356077831826553],[85.5354771432556,27.356431019875743],[85.56133301810434,27.339067894567734],[85.64065239339328,27.351567581578706],[85.6527390181912,27.333531206699888],[85.68209051916216,27.34491408231912],[85.70283289382303,27.384991770353963],[85.73025808114556,27.411623957079996],[85.7757973933351,27.397922832472773],[85.78853208129055,27.437906706829096],[85.82382720616067,27.450740331900874],[85.8001106439911,27.50003570668258],[85.8212127681548,27.51757564410076],[85.82869595675305,27.574988019081843],[85.84791495631026,27.580362894631946],[85.88331308143364,27.614290519392]]]},"properties":{"OBJECTID":27,"PROVINCE":3,"PR_NAME":"Bagmati Pradesh","DISTRICT":"Kabhrepalanchok"}},
{"type":"Feature","geometry":{"type":"Polygon","coordinates":[[[85.55229839285658,27.756677332592858],[85.53576945619551,27.79165883238926],[85.47674401762237,27.777567769836764],[85.45086208132005,27.817401207399826],[85.3466300806138,27.808598082035928],[85.29398964330744,27.80873583299234],[85.2548707054188,27.775426457065407],[85.269416206193,27.74545402008698],[85.23817289316457,27.74374964473037],[85.2043317678968,27.71980589492614],[85.19092514248138,27.681158394244562],[85.22372189315092,27.65422933231787],[85.24487325699528,27.577899331389062],[85.2653008932217,27.570612269640606],[85.29621926860443,27.60300770684023],[85.29474245500035,27.634260269395952],[85.30905964308812,27.693254706539506],[85.35428695527884,27.667713769774707],[85.37518289277637,27.69207014472147],[85.43892101809058,27.727526206869015],[85.4773132057399,27.715496269936978],[85.52741608088746,27.72537620754599],[85.55229839285658,27.756677332592858]]]},"properties":{"OBJECTID":28,"PROVINCE":3,"PR_NAME":"Bagmati Pradesh","DISTRICT":"Kathmandu"}},
{"type":"Feature","geometry":{"type":"Polygon","coordinates":[[[85.35428695527884,27.667713769774707],[85.30905964308812,27.693254706539506],[85.29474245500035,27.634260269395952],[85.29621926860443,27.60300770684023],[85.2653008932217,27.570612269640606],[85.23380064298533,27.53693964404937],[85.23624370528285,27.50468564502654],[85.27049308049135,27.452772957106333],[85.35187070626813,27.431038019588982],[85.39511758091169,27.41039883134107],[85.42091470574911,27.407997207105495],[85.40895408046651,27.447220019388453],[85.44567039317417,27.479900519193677],[85.43920983086906,27.541313457250283],[85.40412014263052,27.547168269500105],[85.40620670647439,27.60212414451371],[85.4227413304481,27.61992314423776],[85.35428695527884,27.667713769774707]]]},"properties":{"OBJECTID":29,"PROVINCE":3,"PR_NAME":"Bagmati Pradesh","DISTRICT":"Lalitpur"}},
{"type":"Feature","geometry":{"type":"Polygon","coordinates":[[[85.19092514248138,27.681158394244562],[85.13675033046343,27.674495144535342],[85.10285420535735,27.7080529572782],[85.07877458058249,27.708847394092004],[85.04488064262762,27.689956269366405],[84.99364583039079,27.707704332389085],[84.96088076823293,27.688849707548002],[84.9025445179152,27.693998457562827],[84.88204251764813,27.668525832401315],[84.83011576792842,27.691829644422626],[84.79437108096067,27.686709769840036],[84.76971932998316,27.65651451952948],[84.73369614276282,27.655579394573465],[84.72006739199662,27.63949070753017],[84.73835564269882,27.604515395069484],[84.73313370495657,27.581812269021043],[84.68224214236102,27.550707394031065],[84.68129370474077,27.523869644768354],[84.69891764333465,27.47558708197829],[84.66694295485354,27.429249644855304],[84.79311826779389,27.437483645054215],[84.92360133063698,27.37052045645396],[84.97167233061361,27.356003707005527],[85.00665695555409,27.352633082151044],[85.05897058102755,27.365398393820897],[85.08927351795853,27.36064358193579],[85.0971130800047,27.332186207627444],[85.11901051782121,27.31762614413128],[85.12885320551106,27.292336957284817],[85.15821389305677,27.26184401968584],[85.18314476841641,27.254288894317085],[85.18307320576389,27.253612582554695],[85.18010895576373,27.250126768935274],[85.18002908067757,27.24996951887823],[85.17952639292872,27.24934876992984],[85.1850589556064,27.246887706802283],[85.18649714332855,27.246690581705025],[85.19199358113889,27.245894769827828],[85.19929989377516,27.24532695677368],[85.20076633100143,27.247060769638836],[85.20138226767756,27.24793545745547],[85.20170020589984,27.248745019067428],[85.20197014370723,27.249020207116928],[85.20352926776155,27.249798769097993],[85.20868226797234,27.248235893971355],[85.21589008056282,27.246327832063855],[85.21665439278604,27.246499456884465],[85.2177686429086,27.246354394439777],[85.21892114299641,27.244857456706313],[85.21922889279921,27.2445389573071],[85.21944695591236,27.244392581852196],[85.2260100814002,27.244910582357534],[85.22617820516012,27.244990331538645],[85.22895258039733,27.24429364383667],[85.22920926849298,27.2442823951165],[85.23387626787553,27.24311545731257],[85.23402626849753,27.243100582525926],[85.23451976877237,27.24377995647984],[85.23712639346832,27.246015457047747],[85.24442489369397,27.248513894200926],[85.24584826868272,27.248013894525684],[85.24654976865696,27.24736233210598],[85.24779708067081,27.246304331879458],[85.25375201804127,27.2446829576524],[85.2542444553174,27.241210644655553],[85.25815151767847,27.235589019417773],[85.26232333055731,27.228017706252217],[85.26247008102945,27.227822332134963],[85.2630554551452,27.226686643973494],[85.26486564293515,27.226722206764464],[85.26764864357011,27.226516582174554],[85.26859351807644,27.226036456617237],[85.27114395492964,27.227134706901268],[85.271574705908,27.227776081800812],[85.27196476795973,27.228171895017],[85.27418270476807,27.22899108207281],[85.27646226851891,27.229349394459064],[85.2790383315538,27.22875733208525],[85.28177195491185,27.22847745676927],[85.28238733131036,27.228981644587293],[85.28272826879464,27.23087158245761],[85.29251364358981,27.231456206538724],[85.29352551848797,27.232137269419525],[85.30295126788678,27.230161395032383],[85.30747189361307,27.229997456717285],[85.30925845621283,27.23156239398935],[85.31278801825249,27.23017333173391],[85.31343158030325,27.230487768895443],[85.32501364316516,27.225320081856353],[85.32891026889388,27.224112143960326],[85.33546226796938,27.222549456792024],[85.3372068933835,27.221278332529096],[85.34106745539879,27.219287518604176],[85.35227658109937,27.220021331219527],[85.35753808091778,27.214541957145684],[85.35879683050939,27.213033769792673],[85.36089520514963,27.21276751920567],[85.36758658025656,27.21197139436441],[85.36802595663266,27.211888019116827],[85.37101426889348,27.211646831735948],[85.37500026834778,27.2097869573023],[85.37506226760962,27.209748019355686],[85.3765056426214,27.2105032070574],[85.37884020621061,27.211797894457334],[85.3789681437649,27.21174026949791],[85.38942626900717,27.20771783221221],[85.39010583091942,27.208333831840946],[85.3903499554861,27.208636019336893],[85.39297108085077,27.209070268678033],[85.39311526825509,27.208689769117598],[85.39386839381137,27.208625893869964],[85.3954150181886,27.21011989441763],[85.45035945562444,27.18648101928369],[85.47483708076675,27.161542956542235],[85.49744695611219,27.17336951898818],[85.50390395620269,27.222934019489458],[85.48132633054576,27.269195769669068],[85.43277789398468,27.291908957332566],[85.4204168941244,27.32086683223855],[85.44855764322074,27.336393644451164],[85.47487489366148,27.369845332696002],[85.47228708008475,27.387982581830727],[85.42091470574911,27.407997207105495],[85.39511758091169,27.41039883134107],[85.35187070626813,27.431038019588982],[85.27049308049135,27.452772957106333],[85.23624370528285,27.50468564502654],[85.23380064298533,27.53693964404937],[85.2653008932217,27.570612269640606],[85.24487325699528,27.577899331389062],[85.22372189315092,27.65422933231787],[85.19092514248138,27.681158394244562]]]},"properties":{"OBJECTID":30,"PROVINCE":3,"PR_NAME":"Bagmati Pradesh","DISTRICT":"Makawanpur"}},
{"type":"Feature","geometry":{"type":"Polygon","coordinates":[[[85.44407289324948,28.08236470806486],[85.40660720515842,28.053895645267858],[85.40139795505166,28.036654582243216],[85.32667308119778,27.98699264469485],[85.26186258089348,27.9719567696892],[85.19016908063861,27.975824144968385],[85.18875276802589,28.019184957419895],[85.13527695496754,28.037947707520743],[85.15784826828303,28.08816251948474],[85.12471158017536,28.091032707593456],[85.11670870574221,28.076498833254618],[85.0644680800379,28.06674333303846],[85.04384489342715,28.036807145033777],[84.99267195544644,28.015621957687245],[85.03175064237831,27.99536489497399],[85.03090164279666,27.971719895456886],[85.01215933068863,27.953358394973975],[85.00976670506947,27.91903677003097],[84.9911490803658,27.885480020286764],[85.01760533092136,27.81608251979253],[85.09031158021531,27.78745376977571],[85.1265283932708,27.760885394445438],[85.14183626822927,27.765639957218298],[85.2548707054188,27.775426457065407],[85.29398964330744,27.80873583299234],[85.3466300806138,27.808598082035928],[85.45086208132005,27.817401207399826],[85.45391195577218,27.84931864503949],[85.47137033097607,27.867759019663083],[85.48981526875968,27.919592644584952],[85.48530539352913,27.969373895189165],[85.49941126791572,28.029212832606163],[85.48073283105538,28.056109831903257],[85.44407289324948,28.08236470806486]]]},"properties":{"OBJECTID":31,"PROVINCE":3,"PR_NAME":"Bagmati Pradesh","DISTRICT":"Nuwakot"}},
{"type":"Feature","geometry":{"type":"Polygon","coordinates":[[[86.54483939402286,27.81090020797825],[86.48907789462919,27.80862027010943],[86.47192739423389,27.825735769790015],[86.4410858317458,27.828089582468294],[86.42212270729715,27.813270707577146],[86.41293608223447,27.74701433214574],[86.42993014376117,27.73354933263562],[86.37816345717789,27.69210901971553],[86.35428789397116,27.693687644669126],[86.31407833115014,27.64575601982449],[86.29121358164156,27.603135207323987],[86.20518983154557,27.580137145013282],[86.156469519253,27.535017957412833],[86.14434776873458,27.49593789451825],[86.12011814333772,27.476005145321267],[86.100952144426,27.498141832479632],[86.00298170674046,27.502093082130102],[85.99011426805907,27.519331082063843],[86.00292758104308,27.54095333183085],[85.95458433110207,27.588794769063384],[85.88785714349245,27.611863206921498],[85.88331308143364,27.614290519392],[85.84791495631026,27.580362894631946],[85.82869595675305,27.574988019081843],[85.8212127681548,27.51757564410076],[85.8001106439911,27.50003570668258],[85.82382720616067,27.450740331900874],[85.8541387684894,27.425007332322593],[85.92692864304252,27.404675081789662],[85.94822933121873,27.37998820778961],[85.97893726883996,27.3713172072234],[85.99890133153127,27.337600394342758],[86.0577317683065,27.287772894303657],[86.09448689395504,27.268059769442857],[86.11402108160769,27.272307270164447],[86.13836839408617,27.250057331380788],[86.20593701887839,27.249955895048572],[86.24252564404327,27.288026957278305],[86.21806058153066,27.333579019156446],[86.23007858176118,27.397598143939263],[86.26646945680005,27.456157144636563],[86.29453245680747,27.470334894639734],[86.34065676899473,27.519789707529014],[86.35798551951615,27.5259767077589],[86.37867926963264,27.567789956941],[86.42035183157185,27.59110533154586],[86.43718564380248,27.61000227038852],[86.49490026923212,27.61346226896859],[86.5404432695413,27.67002933158841],[86.56530164425556,27.749070769600394],[86.56949914447,27.80373620765988],[86.54483939402286,27.81090020797825]]]},"properties":{"OBJECTID":32,"PROVINCE":3,"PR_NAME":"Bagmati Pradesh","DISTRICT":"Ramechhap"}},
{"type":"Feature","geometry":{"type":"Polygon","coordinates":[[[85.80233664412089,28.19619658220654],[85.75062876780345,28.240075895186465],[85.73550176899153,28.290772958705134],[85.7395628303604,28.319059707339648],[85.71379770609934,28.386080020876307],[85.68665526832604,28.382536520244287],[85.6687913933082,28.348438832785973],[85.66303189390686,28.30276102050476],[85.61098801918178,28.25666758294267],[85.59539658078762,28.308265270725713],[85.56452414277504,28.309561583200548],[85.52834220542849,28.328145708157933],[85.46028464352156,28.33682433227716],[85.4176625809634,28.32693076993911],[85.41464751836833,28.308718770954556],[85.37972470653006,28.278459020367563],[85.34207570602905,28.30372833219684],[85.29519214300308,28.287356270575458],[85.25703083020869,28.294266457930746],[85.24370814301642,28.317624958625004],[85.20629739360987,28.33984377007397],[85.1844937676733,28.324324145243168],[85.16208395551018,28.331724832734892],[85.18285645566095,28.28072983281561],[85.20267451791472,28.256426582620747],[85.1908374549846,28.21929020737724],[85.20662633054076,28.20382445823219],[85.19625558073051,28.167586645107633],[85.17643276825771,28.162190395370487],[85.15187820521504,28.117058958104508],[85.12471158017536,28.091032707593456],[85.15784826828303,28.08816251948474],[85.13527695496754,28.037947707520743],[85.18875276802589,28.019184957419895],[85.19016908063861,27.975824144968385],[85.26186258089348,27.9719567696892],[85.32667308119778,27.98699264469485],[85.40139795505166,28.036654582243216],[85.40660720515842,28.053895645267858],[85.44407289324948,28.08236470806486],[85.49152426843028,28.105562145576584],[85.50556839356659,28.151913957463194],[85.55681576843301,28.16808570768933],[85.61531276896915,28.150274332394588],[85.63372508114765,28.12964345747963],[85.65316964416382,28.150938270384927],[85.6908652061644,28.155847208082264],[85.75200701840924,28.175059332322405],[85.78265570599609,28.1779206450218],[85.80233664412089,28.19619658220654]]]},"properties":{"OBJECTID":33,"PROVINCE":3,"PR_NAME":"Bagmati Pradesh","DISTRICT":"Rasuwa"}},
{"type":"Feature","geometry":{"type":"Polygon","coordinates":[[[86.20593701887839,27.249955895048572],[86.13836839408617,27.250057331380788],[86.11402108160769,27.272307270164447],[86.09448689395504,27.268059769442857],[86.0577317683065,27.287772894303657],[85.99890133153127,27.337600394342758],[85.97893726883996,27.3713172072234],[85.94822933121873,27.37998820778961],[85.92692864304252,27.404675081789662],[85.8541387684894,27.425007332322593],[85.82382720616067,27.450740331900874],[85.78853208129055,27.437906706829096],[85.7757973933351,27.397922832472773],[85.73025808114556,27.411623957079996],[85.70283289382303,27.384991770353963],[85.68209051916216,27.34491408231912],[85.6527390181912,27.333531206699888],[85.64065239339328,27.351567581578706],[85.56133301810434,27.339067894567734],[85.5354771432556,27.356431019875743],[85.50661045600782,27.356077831826553],[85.47487489366148,27.369845332696002],[85.44855764322074,27.336393644451164],[85.4204168941244,27.32086683223855],[85.43277789398468,27.291908957332566],[85.48132633054576,27.269195769669068],[85.50390395620269,27.222934019489458],[85.49744695611219,27.17336951898818],[85.49178089357343,27.15430195627033],[85.63060358109044,27.137134081872432],[85.70064820585009,27.18575289488024],[85.72781270669111,27.194575957314612],[85.81816595589419,27.160991269231715],[85.86428951894618,27.127102331507444],[85.88520626945382,27.14608820700522],[85.9079101437382,27.13353158211686],[85.91335845612792,27.13212976927349],[85.92605120599842,27.126475831394544],[85.9330450186128,27.1243628940324],[85.9396763936507,27.121549769706178],[85.93937714423987,27.115276956166667],[85.9423312687731,27.100138331818584],[85.94540120620076,27.094725644273126],[85.94869595705285,27.09032770675833],[85.94878226858691,27.090195206043973],[85.95022576860441,27.088184206835706],[85.95305989389902,27.087733768798444],[85.9528258309474,27.08528833229076],[85.95266176852584,27.08459889402377],[85.95279776850225,27.083627332135734],[85.96073139333919,27.08201639454103],[85.96152764408555,27.08123933172982],[85.96451314416635,27.07876126961696],[85.96592208143898,27.072640831808997],[85.96733958205613,27.073377832521032],[85.96849839448538,27.068670394223375],[85.97032801932266,27.0648838940765],[85.97094845620637,27.06267258167435],[85.9717606438387,27.058495081482874],[85.9730240806968,27.055794331043614],[85.97248351889931,27.054571894277558],[85.97861214323586,27.04294614414931],[85.97990289430317,27.041400768930373],[85.98949745634258,27.028621644573263],[85.99046801908389,27.02751158169417],[86.00147733161361,27.022366456846555],[86.00291389336155,27.021074644579244],[86.01479114339662,27.018360206458397],[86.01644258106035,27.019425519072513],[86.01729083060741,27.01981501904794],[86.01831426898838,27.019610081540065],[86.02018970619002,27.019298206547035],[86.02197789386474,27.019233894228876],[86.0224045187536,27.01913983143811],[86.03748264390896,27.019956769289536],[86.03867633114783,27.019658019002406],[86.05037495693875,27.02099651957377],[86.08501395622915,27.018055455894626],[86.10874089387721,27.014908643519107],[86.118535519099,27.010597144342796],[86.12543489390526,27.00755995662672],[86.12601051937003,27.00740333159854],[86.13610370602129,27.002914144372312],[86.14456839311691,26.998849894007435],[86.15911326886231,26.99316970671663],[86.16911508169574,26.98872951905213],[86.17659983151708,26.986571018437814],[86.18768083080573,26.981977831811548],[86.19475533149341,26.976083644544588],[86.19899895703628,26.97195564483718],[86.20386483159677,26.969548456496113],[86.20451808204393,26.969416768768895],[86.20578139389625,26.968568644227616],[86.21051814379734,26.966261956024482],[86.2117179563187,26.965754143938625],[86.2137172058844,26.96418345640143],[86.221118144287,26.95696739432981],[86.22122914400984,26.95520558197211],[86.22100839372246,26.95448683210168],[86.22303801878957,26.954811643842334],[86.23059908148247,26.94882351968971],[86.23990476958949,26.943656769744166],[86.24160720600781,26.94220139417905],[86.24739033149865,26.93765820716061],[86.25224089420198,26.935571894227564],[86.25452983158652,26.93380801972438],[86.25496733107752,26.933417706761816],[86.25935664409388,26.92909908225687],[86.25951139403566,26.92617083121894],[86.26204139469468,26.91879820707163],[86.28357439394318,26.946836893907573],[86.31888589366912,26.963358644086213],[86.35535051851167,26.964267956700894],[86.3764665821671,27.02260376904877],[86.34926095712751,27.064243332164097],[86.3572793313761,27.103959831780855],[86.32687245709826,27.10962133115953],[86.34356183101374,27.144616082466257],[86.37055970636544,27.140565081813122],[86.39224208120714,27.17961564424661],[86.31825301916155,27.231121519342707],[86.25942183145241,27.257487894350902],[86.23152389391265,27.237080956021373],[86.20593701887839,27.249955895048572]]]},"properties":{"OBJECTID":34,"PROVINCE":3,"PR_NAME":"Bagmati Pradesh","DISTRICT":"Sindhuli"}},
{"type":"Feature","geometry":{"type":"Polygon","coordinates":[[[86.06736383207527,27.89952951977159],[86.00535495556682,27.91109214468679],[85.95061583155547,27.941825832596123],[85.98064514345867,27.987651019479017],[85.97630995613963,28.000995582680048],[85.9037039569721,28.053215644486443],[85.90038526886514,28.10884489497596],[85.87246008096804,28.123539957503112],[85.874687581167,28.142712395560636],[85.85084883080896,28.183949332195994],[85.80233664412089,28.19619658220654],[85.78265570599609,28.1779206450218],[85.75200701840924,28.175059332322405],[85.6908652061644,28.155847208082264],[85.65316964416382,28.150938270384927],[85.63372508114765,28.12964345747963],[85.61531276896915,28.150274332394588],[85.55681576843301,28.16808570768933],[85.50556839356659,28.151913957463194],[85.49152426843028,28.105562145576584],[85.44407289324948,28.08236470806486],[85.48073283105538,28.056109831903257],[85.49941126791572,28.029212832606163],[85.48530539352913,27.969373895189165],[85.48981526875968,27.919592644584952],[85.47137033097607,27.867759019663083],[85.45391195577218,27.84931864503949],[85.45086208132005,27.817401207399826],[85.47674401762237,27.777567769836764],[85.53576945619551,27.79165883238926],[85.55229839285658,27.756677332592858],[85.57229020682763,27.744558207195553],[85.60621776773587,27.74853652014434],[85.6155927683916,27.73315627044559],[85.65846414370532,27.71567645720279],[85.70857926851846,27.652040395048232],[85.73745345611218,27.676487894700642],[85.78956795639613,27.665331394628197],[85.84455726910272,27.62583864543717],[85.88331308143364,27.614290519392],[85.88785714349245,27.611863206921498],[85.91295389340752,27.636819894622477],[85.92057514412767,27.663259520310646],[85.94166783080578,27.66938320736915],[85.93909183072344,27.709915019762377],[85.96885270668713,27.741923582107688],[86.00695551948172,27.74496858223432],[86.02213345589433,27.772201332625457],[86.0221132058598,27.80930070796137],[86.00485570592616,27.829937020177397],[86.04483495686782,27.867566956849657],[86.06736383207527,27.89952951977159]]]},"properties":{"OBJECTID":35,"PROVINCE":3,"PR_NAME":"Bagmati Pradesh","DISTRICT":"Sindhupalchok"}},
{"type":"Feature","geometry":{"type":"Polygon","coordinates":[[[83.10938382790141,28.63208989573218],[83.05949082843904,28.619985583068228],[82.98489107816079,28.630659645426363],[82.9592878282707,28.611368708199393],[82.96424407840158,28.581754208589928],[82.9876634533058,28.56976220865903],[82.97576789127521,28.542199583344143],[82.93036651620184,28.566987770469268],[82.91601114110136,28.527457645454035],[82.89033464053131,28.506490958291124],[82.88124782672588,28.47620902052995],[82.8882868284744,28.45231951963018],[82.91618845233529,28.434194332202708],[82.92465001608542,28.401113895789706],[82.95228870336103,28.38405483216485],[82.95669445328645,28.360007707090062],[82.98203457863298,28.359265207923045],[83.00532220375675,28.33299827095351],[83.0631697660719,28.3176083328583],[83.0994586409036,28.273621458263733],[83.09553476661625,28.256846083080347],[83.13706864140471,28.25134570803806],[83.15736657920434,28.270617958252217],[83.18740620363343,28.270012520261673],[83.2537897045313,28.21402058308348],[83.27587695325883,28.18738295725774],[83.30984845414292,28.197481207991416],[83.36466470311359,28.192011332557],[83.38622476655979,28.16366083278126],[83.42861426623546,28.125830832027304],[83.48026657883958,28.129962269842906],[83.5565363296879,28.116572895222987],[83.58270476661176,28.077262270437473],[83.60680982961003,28.110410895246673],[83.63166457915707,28.122262332940352],[83.63853895370983,28.15902889526734],[83.67661895340206,28.21438720790337],[83.66918014185012,28.230937270538675],[83.61243039184916,28.25869808305015],[83.60363670397078,28.298303832955582],[83.56475957849182,28.316905395767435],[83.5290880792515,28.31491889499108],[83.44466539129485,28.329368332882325],[83.41334714135752,28.357342583293644],[83.38028182884341,28.35517483315209],[83.33874032870324,28.370554020751513],[83.30426870313818,28.355787395571895],[83.28534851592133,28.373073145909018],[83.2983717036912,28.416253457231335],[83.2768937663343,28.43448570804901],[83.30246564067681,28.461270770529666],[83.2764107044905,28.49296839497549],[83.22143857872749,28.513702708113556],[83.17089576602683,28.493286333197773],[83.1315907656014,28.49999958251476],[83.12827576651347,28.525818208343708],[83.1035106416029,28.54121020858429],[83.11061782815028,28.583963645905612],[83.10938382790141,28.63208989573218]]]},"properties":{"OBJECTID":36,"PROVINCE":4,"PR_NAME":"Gandaki Pradesh","DISTRICT":"Baglung"}},
{"type":"Feature","geometry":{"type":"Polygon","coordinates":[[[85.11019026846617,28.346405895515716],[85.12312589284574,28.37116345802724],[85.11653820507416,28.44303052024236],[85.10174533048269,28.456713957882926],[85.12673158069794,28.48767114530716],[85.1589256426044,28.49714170792356],[85.16837064289092,28.531942207466955],[85.18771133061347,28.53294527080766],[85.19380826823704,28.568878208362662],[85.17591283061267,28.597310083293735],[85.2002691435062,28.626569958636708],[85.16133833029977,28.64327577125988],[85.11762145556577,28.68642008362002],[85.08266089288594,28.671415833274125],[85.06082833036322,28.68230208347444],[84.99105814271917,28.61277402030487],[84.99503526766352,28.60086039539101],[84.95123176753208,28.580196207788788],[84.92092682960958,28.594879895690667],[84.85910351741347,28.570640582796727],[84.78369214247846,28.609005520988035],[84.72737882986917,28.620504895684462],[84.70299220442678,28.634350457707512],[84.70722457945084,28.670571958029484],[84.67823307979285,28.678927832553484],[84.62852045555462,28.73637239606927],[84.57385233032085,28.735070083317737],[84.55369395471229,28.750434458183747],[84.51689114161297,28.748468520405936],[84.49404257990119,28.73462933277756],[84.50315083084621,28.698692583895706],[84.54307345507596,28.623791583215052],[84.55003858021638,28.554360895039338],[84.57272182944894,28.50990483334141],[84.57030070521341,28.482656271070084],[84.60120095476032,28.451618519679016],[84.63253801671618,28.444820833015058],[84.6970125797668,28.360800769739797],[84.65717070476427,28.31232620798818],[84.65384389218195,28.267425958541196],[84.63507045453792,28.2295740826778],[84.6421937047757,28.20311151978086],[84.60852451819204,28.15648908300483],[84.55836564226064,28.12440208269004],[84.54432351721658,28.100445082274803],[84.50000039240422,28.085018332230277],[84.47977155041679,28.0579833742334],[84.45944228473371,28.00368699455919],[84.42263376813395,27.976814769785847],[84.42737133012287,27.952287270041552],[84.47611270543706,27.939426395511816],[84.53414445520252,27.91278283326119],[84.54274145505417,27.876358894647296],[84.56093920428088,27.857732144522913],[84.59212220427634,27.879508644208613],[84.66288070458091,27.848778145295228],[84.66786157994801,27.82506945758945],[84.68722726792413,27.81010289513256],[84.73404201752516,27.795446395534782],[84.77589770481529,27.82396083182698],[84.76591214183196,27.85985564442251],[84.73885558032083,27.891004769654444],[84.73528564231862,27.92735014529302],[84.74872414330463,27.960370519583876],[84.77133251768163,27.967070895105792],[84.79295126728721,27.998014270742033],[84.81351751691994,28.002720270124428],[84.81165683039848,28.034438082551503],[84.84657201778447,28.116497520344353],[84.87156657953409,28.120255458022996],[84.89465058105952,28.099753770719985],[84.91850076809601,28.102533707364728],[84.9310234552683,28.12610514503649],[84.95937414300238,28.12700839442192],[84.96429370529034,28.212539958152604],[85.0029948307469,28.252165270111163],[85.02916445567513,28.26131777039882],[85.04888376787164,28.325668521085447],[85.08278051800659,28.345685519671065],[85.11019026846617,28.346405895515716]]]},"properties":{"OBJECTID":37,"PROVINCE":4,"PR_NAME":"Gandaki Pradesh","DISTRICT":"Gorkha"}},
{"type":"Feature","geometry":{"type":"Polygon","coordinates":[[[84.2711525805272,28.456394645496516],[84.26864307991428,28.480193519915076],[84.19126676724755,28.488974645163808],[84.14144389152244,28.534064708219773],[84.0873523297463,28.53833839540067],[84.06127189238396,28.56359933274308],[84.01557195408247,28.587060645732265],[83.98798701748694,28.586817396205902],[83.94656070431313,28.601328146276956],[83.87366332929929,28.613142708169505],[83.81135914151122,28.58959727079747],[83.80917695455287,28.56362339590305],[83.82973282960648,28.541761332919236],[83.75645951639365,28.462270145750665],[83.73390945405811,28.420354957515315],[83.70266832908015,28.398391458199285],[83.72799782893674,28.349145833013836],[83.77651901693912,28.308887707701615],[83.76881526691108,28.273485458287325],[83.82485126637289,28.251130082087684],[83.81136251756618,28.219822020569836],[83.85810939263445,28.193852144960545],[83.89294257983624,28.194423083158824],[83.92563301625074,28.168314458345606],[83.93214182988163,28.143999270549955],[83.98233757981552,28.14299514510992],[84.00689657921384,28.115800645583363],[84.04927914151921,28.084264208426532],[84.08104926661042,28.091383645538883],[84.10784157942538,28.110338707565347],[84.16054295479358,28.097017645448034],[84.22811026657558,28.095701269997676],[84.21951520476296,28.123621520616723],[84.22088451790626,28.180690332992526],[84.20790151724128,28.18924614569312],[84.2130932674404,28.265394520440793],[84.18891801685305,28.291343333028465],[84.21977120487725,28.360069895209563],[84.21845914167608,28.39585589613273],[84.24749614253301,28.439409895550284],[84.2711525805272,28.456394645496516]]]},"properties":{"OBJECTID":38,"PROVINCE":4,"PR_NAME":"Gandaki Pradesh","DISTRICT":"Kaski"}},
{"type":"Feature","geometry":{"type":"Polygon","coordinates":[[[84.57030070521341,28.482656271070084],[84.49297126701043,28.46143027069047],[84.46353964184107,28.50000589575552],[84.42511239232311,28.503123207669944],[84.4172389546141,28.47141227055988],[84.4002642042297,28.456425833085802],[84.29319776706336,28.44509277001538],[84.2711525805272,28.456394645496516],[84.24749614253301,28.439409895550284],[84.21845914167608,28.39585589613273],[84.21977120487725,28.360069895209563],[84.18891801685305,28.291343333028465],[84.2130932674404,28.265394520440793],[84.20790151724128,28.18924614569312],[84.22088451790626,28.180690332992526],[84.21951520476296,28.123621520616723],[84.22811026657558,28.095701269997676],[84.23396782985151,28.078708082611968],[84.31142076745454,28.107019895351925],[84.33160933060617,28.123921895978754],[84.4009104561527,28.127069336980355],[84.45891229176891,28.091172651096997],[84.47977155041679,28.0579833742334],[84.50000039240422,28.085018332230277],[84.54432351721658,28.100445082274803],[84.55836564226064,28.12440208269004],[84.60852451819204,28.15648908300483],[84.6421937047757,28.20311151978086],[84.63507045453792,28.2295740826778],[84.65384389218195,28.267425958541196],[84.65717070476427,28.31232620798818],[84.6970125797668,28.360800769739797],[84.63253801671618,28.444820833015058],[84.60120095476032,28.451618519679016],[84.57030070521341,28.482656271070084]]]},"properties":{"OBJECTID":39,"PROVINCE":4,"PR_NAME":"Gandaki Pradesh","DISTRICT":"Lamjung"}},
{"type":"Feature","geometry":{"type":"Polygon","coordinates":[[[84.19190801714132,28.899253395328003],[84.17671326700372,28.890461958452647],[84.16296583000911,28.875478708175876],[84.12722970458725,28.88540552024864],[84.12401914196988,28.88288839608265],[84.12216076760541,28.8821727084038],[84.09212064225392,28.879270521517412],[84.0877798917287,28.867758396233057],[84.08874639223228,28.859065145540058],[84.08923482932397,28.85818714641971],[84.08847870452865,28.853172333336545],[84.0538940431756,28.842208879036605],[84.05372063050277,28.841162685109907],[84.04889657981334,28.832537958260218],[84.04829383439301,28.83116651911962],[84.04969606452181,28.823042026668247],[84.0474652044557,28.82182658392975],[84.04410552974645,28.81756974914464],[84.0437622072601,28.817506807393272],[84.04267245467008,28.816359395669622],[84.04238251683972,28.816023333410158],[84.04177502569695,28.815109937873387],[84.0332127046027,28.811561082677883],[84.0306545164928,28.811505333704247],[84.02915023309686,28.811238272828064],[84.02829742488632,28.81057168813294],[84.02617361921722,28.806269429490612],[84.02331543076258,28.801177995967805],[84.02062988336246,28.801298158882958],[84.02030944772287,28.801298158882958],[84.01877695529231,28.799696771189076],[84.01844024642031,28.79930688720316],[84.0177764891937,28.79864312907722],[84.01533976801596,28.798018459984007],[84.01150512715992,28.799825686306406],[84.00906372051435,28.800846116455148],[84.00806131008147,28.801153073955277],[84.00622558604204,28.804037110724153],[84.00535583550345,28.805583970723717],[84.00216674869654,28.80854226901056],[84.0014648440274,28.809841173331563],[83.99853591220267,28.81263701718467],[83.99446105973016,28.81399537838405],[83.99000549365866,28.814397829496272],[83.98667144872843,28.814861314897826],[83.98655008971491,28.814911491672035],[83.98631286654563,28.814989107661233],[83.98584055789547,28.815267160950782],[83.98399168666708,28.8160065070947],[83.98242426636688,28.81670345200274],[83.98108026823985,28.81698752265612],[83.97441101105937,28.816383378789965],[83.96971130423339,28.817085282559788],[83.96847534166375,28.820154207350868],[83.96727359110338,28.824048595566296],[83.96720302310109,28.824194879290303],[83.96708295461474,28.824317852586887],[83.96598052967778,28.82683564944574],[83.96574401967081,28.82728578351214],[83.96134185804038,28.834278123936315],[83.95970153779581,28.83484460599385],[83.95122817943701,28.833717774355875],[83.95098876911646,28.833513277515806],[83.95001983684602,28.83289338831929],[83.9488267179787,28.83241887633011],[83.94744176652438,28.831747020708463],[83.94622665653503,28.83105573343539],[83.94037628154024,28.82459260716314],[83.94061365939291,28.824012074097993],[83.94136810335533,28.82307435729581],[83.94244431305464,28.82001259830281],[83.94049597860658,28.816611242714714],[83.94051726645876,28.81066095753721],[83.94064331094012,28.810524004279443],[83.94111633365196,28.81014253435052],[83.9442672730163,28.807889955657004],[83.9441032042995,28.804223520399205],[83.94405309497444,28.803969213708285],[83.94316864052041,28.799871461798602],[83.94239643314893,28.797380627513974],[83.9412255311334,28.793578199474382],[83.94179132970618,28.791198083424888],[83.94162270592318,28.790509400588405],[83.94108581605764,28.788558977015214],[83.92114745419173,28.77877902063534],[83.92066064307426,28.778634333207947],[83.9133148205226,28.779268281506063],[83.91189789547155,28.779174990333615],[83.91021933065764,28.778603020612934],[83.9020542661915,28.772729208386295],[83.89882127358294,28.769682609265033],[83.89821905066873,28.768676078138526],[83.89776976736096,28.767866333064887],[83.89603424038796,28.76059152367992],[83.89588165331571,28.757579820952003],[83.8956003291919,28.75556664538442],[83.89339333533422,28.74603459072381],[83.89337207895835,28.745924520899962],[83.8932647709525,28.743616121287005],[83.89216051679449,28.743114645824278],[83.89089127391321,28.742795835259642],[83.88859714204455,28.74206495893077],[83.88774108908007,28.741704957617742],[83.88273226638103,28.73829452067565],[83.87819864185388,28.734434770748123],[83.87796951618026,28.734188646089194],[83.87740626628624,28.733418770659796],[83.87652387397765,28.73138190515084],[83.87596226714498,28.730714645064893],[83.87512751552248,28.729731496311558],[83.87452170431328,28.728087208258103],[83.87410736146563,28.726934450064846],[83.87334442160784,28.726894396059606],[83.86654802457173,28.723196510610535],[83.86568450993224,28.72273828264565],[83.85695048487702,28.726415680639207],[83.85192995570293,28.726256265014683],[83.84906523457295,28.726820327895894],[83.84500122072978,28.726068514450446],[83.83947753975673,28.72427942115843],[83.8375091135548,28.72334256950404],[83.82802581923625,28.71858789161797],[83.82564544687995,28.71772958585177],[83.82476287200899,28.717952640202213],[83.82438185623772,28.7179271480195],[83.824264526187,28.717222231520793],[83.82335870474049,28.71494908353344],[83.81789588628618,28.714229694245034],[83.81765328876833,28.714331181838645],[83.81754303008682,28.714376467200225],[83.81549072321837,28.71444894626194],[83.81297302258696,28.71266748281812],[83.81031036383229,28.70939637963926],[83.80927276562568,28.708242433441626],[83.80676414185172,28.705998895632604],[83.80532836970855,28.704891222252172],[83.80398801653382,28.703125083256054],[83.79787630035105,28.698982906635877],[83.79552714166431,28.69753995880211],[83.79219482972769,28.69496289572112],[83.79196651614188,28.694425583174166],[83.79133039238377,28.69311152078012],[83.83903157944388,28.66466133295421],[83.87366332929929,28.613142708169505],[83.94656070431313,28.601328146276956],[83.98798701748694,28.586817396205902],[84.01557195408247,28.587060645732265],[84.06127189238396,28.56359933274308],[84.0873523297463,28.53833839540067],[84.14144389152244,28.534064708219773],[84.19126676724755,28.488974645163808],[84.26864307991428,28.480193519915076],[84.2711525805272,28.456394645496516],[84.29319776706336,28.44509277001538],[84.4002642042297,28.456425833085802],[84.4172389546141,28.47141227055988],[84.42511239232311,28.503123207669944],[84.46353964184107,28.50000589575552],[84.49297126701043,28.46143027069047],[84.57030070521341,28.482656271070084],[84.57272182944894,28.50990483334141],[84.55003858021638,28.554360895039338],[84.54307345507596,28.623791583215052],[84.50315083084621,28.698692583895706],[84.49404257990119,28.73462933277756],[84.43874626742638,28.769250333036496],[84.44752208037977,28.79307720784692],[84.43746720484768,28.82046039503126],[84.41075826728024,28.853559520255715],[84.30113364200406,28.87199889573253],[84.27615908027741,28.886617458329113],[84.19190801714132,28.899253395328003]]]},"properties":{"OBJECTID":40,"PROVINCE":4,"PR_NAME":"Gandaki Pradesh","DISTRICT":"Manang"}},
{"type":"Feature","geometry":{"type":"Polygon","coordinates":[[[84.19190801714132,28.899253395328003],[84.22260889238657,28.91555802128579],[84.24999999990007,29.012592333069847],[84.24999999990007,29.037193315519232],[84.22297668452643,29.053483980401552],[84.19181060797331,29.046876924830315],[84.1882629389836,29.080682771492775],[84.20272064164448,29.124355333032327],[84.17841339126505,29.129621523714434],[84.16596984892948,29.19402696487265],[84.20186614990308,29.213878649180458],[84.18148803754303,29.237705247898987],[84.1437072764698,29.236164110285586],[84.11451721189991,29.2486324487287],[84.11867523187658,29.27937318642347],[84.08791351389766,29.29452134898122],[84.04598236089737,29.30075647193371],[84.02644348148164,29.288656252084536],[84.0013035164443,29.31469264694823],[83.96697782926344,29.33099670903107],[83.9505967663278,29.317020646385913],[83.90687664144389,29.325698458417207],[83.81484464216663,29.30201008369852],[83.79595057935575,29.273420146622584],[83.79929001752032,29.249972458362436],[83.76967432900722,29.24078139604461],[83.71334720460993,29.24453470851006],[83.68630476605216,29.213062271606532],[83.66217795384966,29.20386245888551],[83.65946120447114,29.17607127087257],[83.68212620376136,29.12349964609183],[83.65027651654805,29.103861146075076],[83.64007464143162,29.106787208163155],[83.63198476658374,29.07463108325794],[83.62030432868187,29.054621771177835],[83.61847686851274,29.040859239962003],[83.61464760470324,29.03598041426477],[83.61574050402112,29.031355425812308],[83.6173706061686,29.02800561666595],[83.61638641420171,29.023607270858918],[83.6178741455754,29.01741601773506],[83.61493682847191,29.015344637145347],[83.61656119384406,29.009539600572168],[83.61682891841991,29.009143846711197],[83.61823334289454,29.003613529640745],[83.61652113354353,28.998182114612973],[83.6173706061686,28.99156953630512],[83.61650848367964,28.986768740285186],[83.61276245212554,28.983358400469854],[83.61180877685365,28.98093416008345],[83.6096444090623,28.980074415401987],[83.60563659745105,28.981094377903275],[83.60492939127846,28.982498083819564],[83.60448564239852,28.98297058402528],[83.60142517123472,28.98549272371031],[83.60017851932326,28.985611838915304],[83.59010680848246,28.9781562253296],[83.58943176296555,28.973196046960027],[83.58917236341392,28.97123338541246],[83.58769226098912,28.96801759503603],[83.58614349352746,28.96647645742263],[83.58367919913582,28.964393632959855],[83.58449869915569,28.960454293031262],[83.58448028643613,28.96036912723349],[83.58363308369991,28.95814277277077],[83.57974243216756,28.954755800040175],[83.57456207278148,28.949634569280022],[83.57314300554532,28.946964281576356],[83.56801012137004,28.94348982459576],[83.56771401598911,28.94369752122367],[83.56427764979378,28.94512559696875],[83.56427651664796,28.945125771437233],[83.55992126455476,28.943487184186267],[83.55906677281337,28.941574113954232],[83.5597134168408,28.93991590259685],[83.55992126455476,28.939079301968263],[83.55998992959161,28.938779847512023],[83.55992126455476,28.937788027495515],[83.55980737441087,28.937380558166296],[83.55973053003999,28.937105196547634],[83.55286226098463,28.928262505510247],[83.54976491491897,28.923811406371385],[83.54765319883609,28.92122842575128],[83.54684399605361,28.920544459859002],[83.54281616283572,28.915967958354656],[83.54167560034875,28.91469956173546],[83.53987884483286,28.91380502498197],[83.53955856207801,28.913555747299938],[83.53901672324326,28.9129810508349],[83.5341873170911,28.909276979848812],[83.52964782718556,28.904045121685044],[83.5296064988409,28.903908738597465],[83.52668870062308,28.90056154288095],[83.52624511721842,28.89959527799971],[83.52607023595266,28.89927812128832],[83.52545770410984,28.898596290386536],[83.52430034768298,28.89734268581634],[83.52027130127959,28.89348794781057],[83.51779174899008,28.890550630707082],[83.51592019596035,28.889003818371577],[83.51487731963266,28.888380068385516],[83.51434326263154,28.8881187613718],[83.5136795045056,28.887834566612014],[83.51282501276421,28.887626664938693],[83.50193023699092,28.877285020787156],[83.50195312653562,28.875343339523567],[83.50392472554569,28.872503270609513],[83.50757598834127,28.8663578199575],[83.50787353533542,28.86576272776773],[83.50768279992133,28.862834947075214],[83.50831604045294,28.858276384347732],[83.50803375315525,28.85600091790809],[83.5053100583126,28.853174226409465],[83.50474548371716,28.852582948244503],[83.50384294569545,28.850855256165175],[83.50283050602309,28.845146196140092],[83.49596001654157,28.845331208268703],[83.492735767142,28.84639977103268],[83.49198150754057,28.84647371149265],[83.49044036812853,28.846355455140213],[83.48281097404725,28.838607805605818],[83.48299407961315,28.835607545851587],[83.48357391390505,28.835094469134503],[83.4851760867071,28.833776491092237],[83.48529815618502,28.831121461286443],[83.4851226813667,28.830556886691],[83.48458310612551,28.82923086061578],[83.48291015667843,28.826107043005663],[83.48262786938074,28.825567262719062],[83.48188916445343,28.821801021599924],[83.48345173291119,28.815857378815053],[83.4836883544341,28.815685289044893],[83.48738098154712,28.81027223457602],[83.48748016327897,28.809518831129196],[83.48962402382972,28.804193514519113],[83.49010467638976,28.800754564571548],[83.48984527593882,28.790220277543824],[83.49000418344639,28.79020534070395],[83.49640655511848,28.790012372273225],[83.49695436005572,28.790039006594952],[83.50216674879647,28.792636888081972],[83.50505828860918,28.793630617359156],[83.50762176563205,28.79121019099756],[83.50881958075911,28.78892137322282],[83.51253286080293,28.78803422170205],[83.52080216119083,28.785502399915856],[83.52165985092142,28.78505136293012],[83.5222930914531,28.78469659567139],[83.52320861838308,28.784112947354686],[83.52967302528992,28.78282378898672],[83.53084769096824,28.782706310547837],[83.53565979056691,28.781444567113112],[83.5382308956394,28.78017999441124],[83.54171043289023,28.778083333878783],[83.54312097994932,28.777012315066315],[83.54347229021408,28.77683068978456],[83.54880523757174,28.7761345084009],[83.55714416527104,28.767089861108275],[83.5570220948938,28.759531038626562],[83.55578613322353,28.7570400406654],[83.55748947435978,28.756505268703222],[83.55976867748251,28.754167574573955],[83.56042480486093,28.75098039432976],[83.56073760975295,28.746175782486432],[83.55638122631262,28.740808504409017],[83.55313195957234,28.738663526900325],[83.54943847720403,28.730525987984038],[83.54930877697853,28.730094926739525],[83.54838776868064,28.727367572555465],[83.5464401249119,28.724174517040353],[83.54570770264843,28.72300149712146],[83.54540252670529,28.7227077659507],[83.54335021983684,28.719285982262306],[83.54297637975617,28.718280810011436],[83.5427031819064,28.717677191349367],[83.54208374057225,28.71629907474255],[83.54159545996254,28.715475099696164],[83.54145828187427,28.71512914219619],[83.53908538828011,28.710031526733644],[83.53953552234651,28.701583879092823],[83.54174041808591,28.69710351781316],[83.54120636018541,28.696348207803624],[83.54011121526042,28.695758296608176],[83.53978729294926,28.695632951799325],[83.53913879362051,28.69539453253168],[83.53575897319809,28.693750399161615],[83.5340576168656,28.684991853191548],[83.53955841099196,28.67571450991676],[83.5399093633265,28.674795168062587],[83.5404815677702,28.674043672077858],[83.54252624568977,28.671976107311536],[83.54290771471932,28.670749682052246],[83.54295846166372,28.67027121214676],[83.54253387463865,28.667514817954554],[83.54308853870515,28.665769588195985],[83.54311370803129,28.664728181360545],[83.54474689485335,28.658559476039045],[83.54502868662462,28.657152192619662],[83.54981231638533,28.650648134603784],[83.56367492685644,28.643659608204416],[83.56352233888487,28.641988771264835],[83.56424359516586,28.637813934865278],[83.56509399409259,28.6364135915141],[83.56550598161584,28.635627763910236],[83.56628417937145,28.627529161141922],[83.56380462708194,28.620777146548107],[83.56374359189329,28.618602770201733],[83.56496429476647,28.613796250896314],[83.56528830431188,28.61246690002747],[83.5660705571106,28.61141778780069],[83.56764984126721,28.609558122909107],[83.56762472050451,28.609311941592864],[83.5671157842661,28.605724351697518],[83.56938198589,28.60358599769569],[83.57254791245623,28.597824114191553],[83.57185439936109,28.595073524223835],[83.57962036179032,28.586006181640016],[83.58333587664947,28.584468858051423],[83.58522845402996,28.585565708090996],[83.60395813066327,28.586380021720686],[83.60627711439736,28.585986494581107],[83.6081976597942,28.585759969746846],[83.6089930579833,28.58499043066388],[83.6090927118592,28.58487703154981],[83.60943220413299,28.58468770807133],[83.61652976973312,28.582202898345145],[83.61754177952957,28.580825899595652],[83.62181091344297,28.576368348720393],[83.62488555972084,28.575363175570146],[83.63447570788765,28.573982255776514],[83.63774027209593,28.57408515440642],[83.63899231004712,28.573772447540478],[83.63917003227124,28.573786003021667],[83.64443969703444,28.572372454025583],[83.63983439204361,28.566402271347783],[83.64151000977921,28.566194551337503],[83.64849090633032,28.565309541102465],[83.665779079441,28.567984958539057],[83.66917265679274,28.573770492414326],[83.67462989585306,28.576915365851505],[83.68561845472794,28.60258064558036],[83.68645477296946,28.60854341244857],[83.68742639241412,28.611832770066314],[83.70072174021618,28.619308488895683],[83.7044600169163,28.62549133335841],[83.70600128223344,28.6285762957595],[83.70799255481262,28.634559649008622],[83.71023184332495,28.641201871669068],[83.71443911377412,28.64301318541021],[83.71780320415462,28.645802520869665],[83.71851719391344,28.64684050578478],[83.72031859532694,28.649774473812954],[83.72085595463864,28.650546708164086],[83.72451655509502,28.653119621773158],[83.73021068187751,28.653826445733955],[83.73176595413554,28.65437483343186],[83.73225402880047,28.65519906748301],[83.7294464110231,28.65937425371891],[83.72950845345241,28.659541458371677],[83.72988891614062,28.666595476100383],[83.7300222064597,28.66702919304288],[83.73379751634235,28.66968445757169],[83.73551940959311,28.670412080153426],[83.73645627833463,28.67079170107621],[83.73876945424695,28.67236995820707],[83.73879582956397,28.67450202055187],[83.74193191212811,28.682413732507825],[83.74393826633798,28.68521720800777],[83.74469785801978,28.686458086271728],[83.75593566939568,28.688552873516358],[83.75943756109461,28.688426989114305],[83.76203155571176,28.687986391458878],[83.76293182384467,28.68804170336199],[83.76542705671335,28.688146480675584],[83.76625202461128,28.687864772541275],[83.76722717299572,28.687473314741737],[83.76764653765764,28.687280787878137],[83.77383160524442,28.68752330355767],[83.77426132919703,28.68758370832154],[83.78071026686536,28.68920514550109],[83.78275664180563,28.6900973952786],[83.78410476692153,28.69060264609527],[83.7881394556714,28.692400199309816],[83.79096193654419,28.693035659368263],[83.79133039238377,28.69311152078012],[83.79196651614188,28.694425583174166],[83.79219482972769,28.69496289572112],[83.79552714166431,28.69753995880211],[83.79787630035105,28.698982906635877],[83.80398801653382,28.703125083256054],[83.80532836970855,28.704891222252172],[83.80676414185172,28.705998895632604],[83.80927276562568,28.708242433441626],[83.81031036383229,28.70939637963926],[83.81297302258696,28.71266748281812],[83.81549072321837,28.71444894626194],[83.81754303008682,28.714376467200225],[83.81765328876833,28.714331181838645],[83.81789588628618,28.714229694245034],[83.82335870474049,28.71494908353344],[83.824264526187,28.717222231520793],[83.82438185623772,28.7179271480195],[83.82476287200899,28.717952640202213],[83.82564544687995,28.71772958585177],[83.82802581923625,28.71858789161797],[83.8375091135548,28.72334256950404],[83.83947753975673,28.72427942115843],[83.84500122072978,28.726068514450446],[83.84906523457295,28.726820327895894],[83.85192995570293,28.726256265014683],[83.85695048487702,28.726415680639207],[83.86568450993224,28.72273828264565],[83.86654802457173,28.723196510610535],[83.87334442160784,28.726894396059606],[83.87410736146563,28.726934450064846],[83.87452170431328,28.728087208258103],[83.87512751552248,28.729731496311558],[83.87596226714498,28.730714645064893],[83.87652387397765,28.73138190515084],[83.87740626628624,28.733418770659796],[83.87796951618026,28.734188646089194],[83.87819864185388,28.734434770748123],[83.88273226638103,28.73829452067565],[83.88774108908007,28.741704957617742],[83.88859714204455,28.74206495893077],[83.89089127391321,28.742795835259642],[83.89216051679449,28.743114645824278],[83.8932647709525,28.743616121287005],[83.89337207895835,28.745924520899962],[83.89339333533422,28.74603459072381],[83.8956003291919,28.75556664538442],[83.89588165331571,28.757579820952003],[83.89603424038796,28.76059152367992],[83.89776976736096,28.767866333064887],[83.89821905066873,28.768676078138526],[83.89882127358294,28.769682609265033],[83.9020542661915,28.772729208386295],[83.91021933065764,28.778603020612934],[83.91189789547155,28.779174990333615],[83.9133148205226,28.779268281506063],[83.92066064307426,28.778634333207947],[83.92114745419173,28.77877902063534],[83.94108581605764,28.788558977015214],[83.94162270592318,28.790509400588405],[83.94179132970618,28.791198083424888],[83.9412255311334,28.793578199474382],[83.94239643314893,28.797380627513974],[83.94316864052041,28.799871461798602],[83.94405309497444,28.803969213708285],[83.9441032042995,28.804223520399205],[83.9442672730163,28.807889955657004],[83.94111633365196,28.81014253435052],[83.94064331094012,28.810524004279443],[83.94051726645876,28.81066095753721],[83.94049597860658,28.816611242714714],[83.94244431305464,28.82001259830281],[83.94136810335533,28.82307435729581],[83.94061365939291,28.824012074097993],[83.94037628154024,28.82459260716314],[83.94622665653503,28.83105573343539],[83.94744176652438,28.831747020708463],[83.9488267179787,28.83241887633011],[83.95001983684602,28.83289338831929],[83.95098876911646,28.833513277515806],[83.95122817943701,28.833717774355875],[83.95970153779581,28.83484460599385],[83.96134185804038,28.834278123936315],[83.96574401967081,28.82728578351214],[83.96598052967778,28.82683564944574],[83.96708295461474,28.824317852586887],[83.96720302310109,28.824194879290303],[83.96727359110338,28.824048595566296],[83.96847534166375,28.820154207350868],[83.96971130423339,28.817085282559788],[83.97441101105937,28.816383378789965],[83.98108026823985,28.81698752265612],[83.98242426636688,28.81670345200274],[83.98399168666708,28.8160065070947],[83.98584055789547,28.815267160950782],[83.98631286654563,28.814989107661233],[83.98655008971491,28.814911491672035],[83.98667144872843,28.814861314897826],[83.99000549365866,28.814397829496272],[83.99446105973016,28.81399537838405],[83.99853591220267,28.81263701718467],[84.0014648440274,28.809841173331563],[84.00216674869654,28.80854226901056],[84.00535583550345,28.805583970723717],[84.00622558604204,28.804037110724153],[84.00806131008147,28.801153073955277],[84.00906372051435,28.800846116455148],[84.01150512715992,28.799825686306406],[84.01533976801596,28.798018459984007],[84.0177764891937,28.79864312907722],[84.01844024642031,28.79930688720316],[84.01877695529231,28.799696771189076],[84.02030944772287,28.801298158882958],[84.02062988336246,28.801298158882958],[84.02331543076258,28.801177995967805],[84.02617361921722,28.806269429490612],[84.02829742488632,28.81057168813294],[84.02915023309686,28.811238272828064],[84.0306545164928,28.811505333704247],[84.0332127046027,28.811561082677883],[84.04177502569695,28.815109937873387],[84.04238251683972,28.816023333410158],[84.04267245467008,28.816359395669622],[84.0437622072601,28.817506807393272],[84.04410552974645,28.81756974914464],[84.0474652044557,28.82182658392975],[84.04969606452181,28.823042026668247],[84.04829383439301,28.83116651911962],[84.04889657981334,28.832537958260218],[84.05372063050277,28.841162685109907],[84.0538940431756,28.842208879036605],[84.08847870452865,28.853172333336545],[84.08923482932397,28.85818714641971],[84.08874639223228,28.859065145540058],[84.0877798917287,28.867758396233057],[84.09212064225392,28.879270521517412],[84.12216076760541,28.8821727084038],[84.12401914196988,28.88288839608265],[84.12722970458725,28.88540552024864],[84.16296583000911,28.875478708175876],[84.17671326700372,28.890461958452647],[84.19190801714132,28.899253395328003]]]},"properties":{"OBJECTID":41,"PROVINCE":4,"PR_NAME":"Gandaki Pradesh","DISTRICT":"Mustang"}},
{"type":"Feature","geometry":{"type":"Polygon","coordinates":[[[83.50881958075911,28.78892137322282],[83.50762176563205,28.79121019099756],[83.50505828860918,28.793630617359156],[83.50216674879647,28.792636888081972],[83.49695436005572,28.790039006594952],[83.49640655511848,28.790012372273225],[83.49000418344639,28.79020534070395],[83.48984527593882,28.790220277543824],[83.48895213043653,28.790577814714425],[83.45589420405435,28.772138333117653],[83.39053082933435,28.76297270812404],[83.36402957850231,28.73404995803918],[83.3332880170284,28.738084582937176],[83.27894132837963,28.721848771303826],[83.23128857880494,28.742756770508606],[83.20839064161487,28.732488395922758],[83.14741214085768,28.747027458450475],[83.15451570313724,28.700988895721025],[83.10938382790141,28.63208989573218],[83.11061782815028,28.583963645905612],[83.1035106416029,28.54121020858429],[83.12827576651347,28.525818208343708],[83.1315907656014,28.49999958251476],[83.17089576602683,28.493286333197773],[83.22143857872749,28.513702708113556],[83.2764107044905,28.49296839497549],[83.30246564067681,28.461270770529666],[83.2768937663343,28.43448570804901],[83.2983717036912,28.416253457231335],[83.28534851592133,28.373073145909018],[83.30426870313818,28.355787395571895],[83.33874032870324,28.370554020751513],[83.38028182884341,28.35517483315209],[83.41334714135752,28.357342583293644],[83.44466539129485,28.329368332882325],[83.5290880792515,28.31491889499108],[83.56475957849182,28.316905395767435],[83.60363670397078,28.298303832955582],[83.57093089184724,28.340125645482203],[83.57168176640045,28.37432995746161],[83.59832476657476,28.39164402115472],[83.62874039215541,28.3807018951764],[83.66016064140052,28.347960333202877],[83.70266832908015,28.398391458199285],[83.73390945405811,28.420354957515315],[83.75645951639365,28.462270145750665],[83.82973282960648,28.541761332919236],[83.80917695455287,28.56362339590305],[83.81135914151122,28.58959727079747],[83.87366332929929,28.613142708169505],[83.83903157944388,28.66466133295421],[83.79133039238377,28.69311152078012],[83.79096193654419,28.693035659368263],[83.7881394556714,28.692400199309816],[83.78410476692153,28.69060264609527],[83.78275664180563,28.6900973952786],[83.78071026686536,28.68920514550109],[83.77426132919703,28.68758370832154],[83.77383160524442,28.68752330355767],[83.76764653765764,28.687280787878137],[83.76722717299572,28.687473314741737],[83.76625202461128,28.687864772541275],[83.76542705671335,28.688146480675584],[83.76293182384467,28.68804170336199],[83.76203155571176,28.687986391458878],[83.75943756109461,28.688426989114305],[83.75593566939568,28.688552873516358],[83.74469785801978,28.686458086271728],[83.74393826633798,28.68521720800777],[83.74193191212811,28.682413732507825],[83.73879582956397,28.67450202055187],[83.73876945424695,28.67236995820707],[83.73645627833463,28.67079170107621],[83.73551940959311,28.670412080153426],[83.73379751634235,28.66968445757169],[83.7300222064597,28.66702919304288],[83.72988891614062,28.666595476100383],[83.72950845345241,28.659541458371677],[83.7294464110231,28.65937425371891],[83.73225402880047,28.65519906748301],[83.73176595413554,28.65437483343186],[83.73021068187751,28.653826445733955],[83.72451655509502,28.653119621773158],[83.72085595463864,28.650546708164086],[83.72031859532694,28.649774473812954],[83.71851719391344,28.64684050578478],[83.71780320415462,28.645802520869665],[83.71443911377412,28.64301318541021],[83.71023184332495,28.641201871669068],[83.70799255481262,28.634559649008622],[83.70600128223344,28.6285762957595],[83.7044600169163,28.62549133335841],[83.70072174021618,28.619308488895683],[83.68742639241412,28.611832770066314],[83.68645477296946,28.60854341244857],[83.68561845472794,28.60258064558036],[83.67462989585306,28.576915365851505],[83.66917265679274,28.573770492414326],[83.665779079441,28.567984958539057],[83.64849090633032,28.565309541102465],[83.64151000977921,28.566194551337503],[83.63983439204361,28.566402271347783],[83.64443969703444,28.572372454025583],[83.63917003227124,28.573786003021667],[83.63899231004712,28.573772447540478],[83.63774027209593,28.57408515440642],[83.63447570788765,28.573982255776514],[83.62488555972084,28.575363175570146],[83.62181091344297,28.576368348720393],[83.61754177952957,28.580825899595652],[83.61652976973312,28.582202898345145],[83.60943220413299,28.58468770807133],[83.6090927118592,28.58487703154981],[83.6089930579833,28.58499043066388],[83.6081976597942,28.585759969746846],[83.60627711439736,28.585986494581107],[83.60395813066327,28.586380021720686],[83.58522845402996,28.585565708090996],[83.58333587664947,28.584468858051423],[83.57962036179032,28.586006181640016],[83.57185439936109,28.595073524223835],[83.57254791245623,28.597824114191553],[83.56938198589,28.60358599769569],[83.5671157842661,28.605724351697518],[83.56762472050451,28.609311941592864],[83.56764984126721,28.609558122909107],[83.5660705571106,28.61141778780069],[83.56528830431188,28.61246690002747],[83.56496429476647,28.613796250896314],[83.56374359189329,28.618602770201733],[83.56380462708194,28.620777146548107],[83.56628417937145,28.627529161141922],[83.56550598161584,28.635627763910236],[83.56509399409259,28.6364135915141],[83.56424359516586,28.637813934865278],[83.56352233888487,28.641988771264835],[83.56367492685644,28.643659608204416],[83.54981231638533,28.650648134603784],[83.54502868662462,28.657152192619662],[83.54474689485335,28.658559476039045],[83.54311370803129,28.664728181360545],[83.54308853870515,28.665769588195985],[83.54253387463865,28.667514817954554],[83.54295846166372,28.67027121214676],[83.54290771471932,28.670749682052246],[83.54252624568977,28.671976107311536],[83.5404815677702,28.674043672077858],[83.5399093633265,28.674795168062587],[83.53955841099196,28.67571450991676],[83.5340576168656,28.684991853191548],[83.53575897319809,28.693750399161615],[83.53913879362051,28.69539453253168],[83.53978729294926,28.695632951799325],[83.54011121526042,28.695758296608176],[83.54120636018541,28.696348207803624],[83.54174041808591,28.69710351781316],[83.53953552234651,28.701583879092823],[83.53908538828011,28.710031526733644],[83.54145828187427,28.71512914219619],[83.54159545996254,28.715475099696164],[83.54208374057225,28.71629907474255],[83.5427031819064,28.717677191349367],[83.54297637975617,28.718280810011436],[83.54335021983684,28.719285982262306],[83.54540252670529,28.7227077659507],[83.54570770264843,28.72300149712146],[83.5464401249119,28.724174517040353],[83.54838776868064,28.727367572555465],[83.54930877697853,28.730094926739525],[83.54943847720403,28.730525987984038],[83.55313195957234,28.738663526900325],[83.55638122631262,28.740808504409017],[83.56073760975295,28.746175782486432],[83.56042480486093,28.75098039432976],[83.55976867748251,28.754167574573955],[83.55748947435978,28.756505268703222],[83.55578613322353,28.7570400406654],[83.5570220948938,28.759531038626562],[83.55714416527104,28.767089861108275],[83.54880523757174,28.7761345084009],[83.54347229021408,28.77683068978456],[83.54312097994932,28.777012315066315],[83.54171043289023,28.778083333878783],[83.5382308956394,28.78017999441124],[83.53565979056691,28.781444567113112],[83.53084769096824,28.782706310547837],[83.52967302528992,28.78282378898672],[83.52320861838308,28.784112947354686],[83.5222930914531,28.78469659567139],[83.52165985092142,28.78505136293012],[83.52080216119083,28.785502399915856],[83.51253286080293,28.78803422170205],[83.50881958075911,28.78892137322282]]]},"properties":{"OBJECTID":42,"PROVINCE":4,"PR_NAME":"Gandaki Pradesh","DISTRICT":"Myagdi"}},
{"type":"Feature","geometry":{"type":"Polygon","coordinates":[[[84.42417358014666,27.741093207485562],[84.39425326697477,27.77530770788445],[84.36286982967897,27.753373269261033],[84.32727170432577,27.748500207318784],[84.30222276776658,27.79215576987292],[84.29347070410978,27.8377067075985],[84.25357682940722,27.83861164501144],[84.20219976690578,27.851546707314753],[84.17155926674684,27.84545752004857],[84.08015057948569,27.869393395388954],[84.06954195449765,27.856192394563436],[84.03062182973372,27.85623133251005],[84.02681451747605,27.818049021445233],[84.00251351738495,27.788542020497914],[83.99442601764667,27.7534023956041],[83.94704120578706,27.74401458230716],[83.92107776752499,27.729362333804715],[83.8537670790875,27.733078144540798],[83.82311895447623,27.710491395261727],[83.784377829873,27.72486195721359],[83.72530476680163,27.709839956948485],[83.68482695420062,27.71800101943154],[83.70650326761177,27.681904958347218],[83.69732264192646,27.661933582368988],[83.72722657934321,27.672267082260078],[83.81390382989787,27.662175206820393],[83.8072038923458,27.620617644788524],[83.79261064206753,27.604866644180333],[83.83823414159241,27.5855553319131],[83.85274595376279,27.558804894230548],[83.8993093293621,27.50003258243777],[83.88579251721097,27.463795769359308],[83.89761357940324,27.437561457095626],[83.9332849545371,27.449373519772166],[83.94666576761114,27.465588019271706],[83.94321014153485,27.49365114518423],[83.92206301709462,27.540933082695688],[83.97126451704389,27.55033895707726],[84.03856495500872,27.538514768841537],[84.076744016823,27.55931526938423],[84.10938920474808,27.55151520736098],[84.1373584549288,27.584338269495618],[84.2080145791096,27.638169081837702],[84.2944845170469,27.66812039464054],[84.35079389242424,27.702941645140868],[84.38024045443348,27.681075769930885],[84.43008626736741,27.703514582532023],[84.42417358014666,27.741093207485562]]]},"properties":{"OBJECTID":43,"PROVINCE":4,"PR_NAME":"Gandaki Pradesh","DISTRICT":"Nawalpur"}},
{"type":"Feature","geometry":{"type":"Polygon","coordinates":[[[83.70266832908015,28.398391458199285],[83.66016064140052,28.347960333202877],[83.62874039215541,28.3807018951764],[83.59832476657476,28.39164402115472],[83.57168176640045,28.37432995746161],[83.57093089184724,28.340125645482203],[83.60363670397078,28.298303832955582],[83.61243039184916,28.25869808305015],[83.66918014185012,28.230937270538675],[83.67661895340206,28.21438720790337],[83.63853895370983,28.15902889526734],[83.63166457915707,28.122262332940352],[83.60680982961003,28.110410895246673],[83.58270476661176,28.077262270437473],[83.5635830790959,28.03556714540747],[83.60694764172035,28.01186220787463],[83.62670076662715,28.007503832435987],[83.68107276669491,28.018428332601502],[83.71475145461602,28.0636290824163],[83.71142495409839,28.085167769876705],[83.73119751695191,28.102904207363338],[83.70843101657823,28.11883920746351],[83.73283676700328,28.147868957986077],[83.76150920428643,28.146010769781242],[83.75830414102336,28.190079707512552],[83.78874389091789,28.199096644894325],[83.81136251756618,28.219822020569836],[83.82485126637289,28.251130082087684],[83.76881526691108,28.273485458287325],[83.77651901693912,28.308887707701615],[83.72799782893674,28.349145833013836],[83.70266832908015,28.398391458199285]]]},"properties":{"OBJECTID":44,"PROVINCE":4,"PR_NAME":"Gandaki Pradesh","DISTRICT":"Parbat"}},
{"type":"Feature","geometry":{"type":"Polygon","coordinates":[[[83.81136251756618,28.219822020569836],[83.78874389091789,28.199096644894325],[83.75830414102336,28.190079707512552],[83.76150920428643,28.146010769781242],[83.73283676700328,28.147868957986077],[83.70843101657823,28.11883920746351],[83.73119751695191,28.102904207363338],[83.71142495409839,28.085167769876705],[83.71475145461602,28.0636290824163],[83.68107276669491,28.018428332601502],[83.62670076662715,28.007503832435987],[83.60694764172035,28.01186220787463],[83.5788418915401,27.974143332748667],[83.52475864129832,27.96376851980142],[83.48297101649928,27.980280770441254],[83.44271232821143,27.93526570724663],[83.48588814202418,27.922525145818895],[83.52506664111263,27.92908964457149],[83.61889795537638,27.930437207611078],[83.6570092667643,27.902296645573813],[83.68809032950514,27.91795520846614],[83.71935707976547,27.91990658262273],[83.77711507410146,27.903143450809637],[83.8096588292916,27.873006144717863],[83.8413986418339,27.868506457007413],[83.88227595397217,27.887395082517116],[83.92780332946012,27.868095832856454],[83.94433001691681,27.875806894372715],[83.94270932977179,27.89373558263111],[83.97624526650588,27.90248677034822],[83.97200114183926,27.95857752053621],[83.98233482878936,27.998011644721657],[84.03148232984569,28.02312239528237],[83.96948214258686,28.03735120789196],[83.951865266369,28.066689958274992],[84.00689657921384,28.115800645583363],[83.98233757981552,28.14299514510992],[83.93214182988163,28.143999270549955],[83.92563301625074,28.168314458345606],[83.89294257983624,28.194423083158824],[83.85810939263445,28.193852144960545],[83.81136251756618,28.219822020569836]]]},"properties":{"OBJECTID":45,"PROVINCE":4,"PR_NAME":"Gandaki Pradesh","DISTRICT":"Syangja"}},
{"type":"Feature","geometry":{"type":"Polygon","coordinates":[[[84.47977155041679,28.0579833742334],[84.45891229176891,28.091172651096997],[84.4009104561527,28.127069336980355],[84.33160933060617,28.123921895978754],[84.31142076745454,28.107019895351925],[84.23396782985151,28.078708082611968],[84.22811026657558,28.095701269997676],[84.16054295479358,28.097017645448034],[84.10784157942538,28.110338707565347],[84.08104926661042,28.091383645538883],[84.04927914151921,28.084264208426532],[84.00689657921384,28.115800645583363],[83.951865266369,28.066689958274992],[83.96948214258686,28.03735120789196],[84.03148232984569,28.02312239528237],[83.98233482878936,27.998011644721657],[83.97200114183926,27.95857752053621],[83.97624526650588,27.90248677034822],[83.94270932977179,27.89373558263111],[83.94433001691681,27.875806894372715],[84.01807095600986,27.85126045850342],[84.03062182973372,27.85623133251005],[84.06954195449765,27.856192394563436],[84.08015057948569,27.869393395388954],[84.17155926674684,27.84545752004857],[84.20219976690578,27.851546707314753],[84.25357682940722,27.83861164501144],[84.29347070410978,27.8377067075985],[84.30222276776658,27.79215576987292],[84.32727170432577,27.748500207318784],[84.36286982967897,27.753373269261033],[84.39425326697477,27.77530770788445],[84.42417358014666,27.741093207485562],[84.44075026811043,27.743846082630682],[84.46214939248051,27.773944332065298],[84.43211776752099,27.7904568327167],[84.4479385798017,27.822936707263295],[84.51484945483855,27.81525970756951],[84.5271825172594,27.833180644571144],[84.55732676791604,27.835580332566337],[84.56093920428088,27.857732144522913],[84.54274145505417,27.876358894647296],[84.53414445520252,27.91278283326119],[84.47611270543706,27.939426395511816],[84.42737133012287,27.952287270041552],[84.42263376813395,27.976814769785847],[84.45944228473371,28.00368699455919],[84.47977155041679,28.0579833742334]]]},"properties":{"OBJECTID":46,"PROVINCE":4,"PR_NAME":"Gandaki Pradesh","DISTRICT":"Tanahu"}},
{"type":"Feature","geometry":{"type":"Polygon","coordinates":[[[83.05299095406934,28.11144114599216],[83.02903664172771,28.099503332013228],[83.00588995295902,28.111838833395495],[82.98707589113951,28.073671707383426],[82.96648907850823,28.052827145456433],[82.97860370369801,28.023037332906654],[82.96766176567797,27.988075333110203],[83.01856801600121,27.956789206956387],[82.98923420379555,27.92557014504621],[82.94497689137052,27.9308696448183],[82.91771520349391,27.903985770227166],[82.82623745369557,27.90549751979478],[82.80715920253522,27.877574394942428],[82.78163307850383,27.84212858236822],[82.75068489059527,27.827884269943127],[82.76143726501783,27.81122720687017],[82.80623351506472,27.794842707624923],[82.84410732809079,27.790365895070067],[82.99902714098982,27.79294458232664],[83.02283645383932,27.807884394449275],[83.0531064539997,27.762333769687757],[83.09207839050538,27.771234457104583],[83.18749620418652,27.75395145779362],[83.2143279540719,27.75914026990756],[83.24807657957052,27.751044956859346],[83.25783164091757,27.766930332368986],[83.26043789149554,27.784825769993347],[83.23583020460035,27.82204289536338],[83.28427701597155,27.82573664572965],[83.3325050168931,27.87712239568208],[83.31091564094413,27.889428207745652],[83.31096420343528,27.92595570778974],[83.28382107857999,27.925600644654082],[83.28215926633715,27.96753633293548],[83.23486645332423,28.02335614526993],[83.23168332902247,28.048409707941744],[83.18588582866812,28.087467207745476],[83.15817826591427,28.061089708123575],[83.07639401617098,28.090695144365498],[83.05299095406934,28.11144114599216]]]},"properties":{"OBJECTID":47,"PROVINCE":5,"PR_NAME":"Province No 5","DISTRICT":"Arghakhanchi"}},
{"type":"Feature","geometry":{"type":"Polygon","coordinates":[[[81.74687276446656,28.3131350825181],[81.68761263881231,28.337743145329966],[81.64942738966238,28.267961458054913],[81.5880457021475,28.236528208210302],[81.56335920226542,28.207174770099584],[81.54102495114063,28.202461395377156],[81.5152265141923,28.150060082406924],[81.50052832742045,28.143945894887167],[81.51269013913867,28.108303707250343],[81.50671388873502,28.068759707494564],[81.5491132638661,28.049097770245965],[81.64529570183521,27.993709895095606],[81.70016538942122,27.988089581968666],[81.80655570188418,27.903813207413634],[81.82299895293937,27.90333695703498],[81.88734688964729,27.85686952021223],[81.92802501454287,27.859647769728838],[81.92709939002486,27.875359707384632],[81.97009851493459,27.92882952016629],[82.06923539040099,27.922139269211982],[82.06914751584526,27.95024270723519],[82.12138732766311,27.94863576982499],[82.1351555156146,27.96203264479078],[82.19264345253339,27.953095019519594],[82.19334520251914,28.030791082542464],[82.10929364048917,28.07260176955606],[82.02136626484133,28.100928645040995],[82.00942993114649,28.1509399593117],[81.96450042675337,28.194263475978687],[81.92851257299691,28.209331530525787],[81.92427063008557,28.223835008678748],[81.86666451505539,28.24870270756395],[81.84563257758145,28.271657582631406],[81.80764226457893,28.28236270847225],[81.74687276446656,28.3131350825181]]]},"properties":{"OBJECTID":48,"PROVINCE":5,"PR_NAME":"Province No 5","DISTRICT":"Banke"}},
{"type":"Feature","geometry":{"type":"Polygon","coordinates":[[[81.76849807732447,28.370030020868796],[81.73135376466456,28.378661019590425],[81.6900903268072,28.41040133305512],[81.66062420274483,28.41510939548226],[81.55910857639975,28.49487695780539],[81.51326626372713,28.52465614576454],[81.4471129515016,28.554188395178357],[81.41856701465605,28.59545852039446],[81.36426495216585,28.623952395486697],[81.31867901372556,28.636290958161226],[81.3201137642389,28.669574520847505],[81.2870650136395,28.67320202085665],[81.28946988892432,28.648530645772723],[81.25037257613354,28.59402770801239],[81.16915957665321,28.523198833059723],[81.15447851387239,28.501762144907104],[81.09233657637196,28.45684333345315],[81.06089295194823,28.4083905829591],[81.06907876377397,28.394375520314043],[81.0911140137008,28.382025395055962],[81.21242138903591,28.360501208264225],[81.2363376384713,28.3245673327163],[81.23449645194978,28.288899082726516],[81.28786688964527,28.22844420773407],[81.32237220111625,28.19716970801568],[81.3224971394315,28.133729269989885],[81.37308045130186,28.142292145066506],[81.37695057670783,28.176872708208975],[81.41659807673989,28.17416983267168],[81.44766845103823,28.161224582848263],[81.45174220184123,28.140785144818608],[81.48584613958775,28.118153083198308],[81.48021095167411,28.08244008294355],[81.50671388873502,28.068759707494564],[81.51269013913867,28.108303707250343],[81.50052832742045,28.143945894887167],[81.5152265141923,28.150060082406924],[81.54102495114063,28.202461395377156],[81.56335920226542,28.207174770099584],[81.5880457021475,28.236528208210302],[81.64942738966238,28.267961458054913],[81.68761263881231,28.337743145329966],[81.74687276446656,28.3131350825181],[81.76849807732447,28.370030020868796]]]},"properties":{"OBJECTID":49,"PROVINCE":5,"PR_NAME":"Province No 5","DISTRICT":"Bardiya"}},
{"type":"Feature","geometry":{"type":"Polygon","coordinates":[[[82.39869182726608,28.168750332761704],[82.33943414057319,28.223388770475424],[82.31481695234055,28.223043332783618],[82.303215390378,28.243697207859896],[82.27734413982023,28.24834727031032],[82.23503057709951,28.23982495735595],[82.17026395291913,28.251237145477944],[82.14471301569318,28.240974208193222],[82.10256432748179,28.258863644641565],[82.05613688980566,28.241980395778683],[82.0248184204338,28.200572985454983],[82.00942993114649,28.1509399593117],[82.02136626484133,28.100928645040995],[82.10929364048917,28.07260176955606],[82.19334520251914,28.030791082542464],[82.19264345253339,27.953095019519594],[82.1351555156146,27.96203264479078],[82.12138732766311,27.94863576982499],[82.06914751584526,27.95024270723519],[82.06923539040099,27.922139269211982],[82.12524551546824,27.864892145556098],[82.15633051544097,27.865896207144317],[82.21043432688276,27.84281208241174],[82.30580670321683,27.772461582036442],[82.36908514006723,27.742504519867737],[82.40370282812307,27.702622206849412],[82.45066620238339,27.67854427010201],[82.47514876480369,27.676329769603228],[82.51837576532938,27.690236831764423],[82.54308432737986,27.685553707537622],[82.6069823899254,27.70578483200444],[82.6209345153157,27.702238083021143],[82.70996057831809,27.72170702036277],[82.6980603281217,27.756504519767816],[82.73341882821643,27.774793957575127],[82.80609914106259,27.77750520669997],[82.80623351506472,27.794842707624923],[82.76143726501783,27.81122720687017],[82.75068489059527,27.827884269943127],[82.78163307850383,27.84212858236822],[82.80715920253522,27.877574394942428],[82.77269564119092,27.9059290199084],[82.7776322654168,27.925745332081476],[82.75514107809835,27.946972207501403],[82.76812670388432,27.9626470193445],[82.7424673902579,27.990410395823176],[82.70711026612594,28.005870332649806],[82.68770589021472,28.05087014514112],[82.63073914099863,28.070495894569945],[82.60233813979335,28.0935610822782],[82.56914788896398,28.115322583070792],[82.56380251567361,28.13347658117931],[82.4973500151911,28.136596207049365],[82.43904139024801,28.148920081996266],[82.39869182726608,28.168750332761704]]]},"properties":{"OBJECTID":50,"PROVINCE":5,"PR_NAME":"Province No 5","DISTRICT":"Dang"}},
{"type":"Feature","geometry":{"type":"Polygon","coordinates":[[[83.58270476661176,28.077262270437473],[83.5565363296879,28.116572895222987],[83.48026657883958,28.129962269842906],[83.42861426623546,28.125830832027304],[83.38622476655979,28.16366083278126],[83.36466470311359,28.192011332557],[83.30984845414292,28.197481207991416],[83.27587695325883,28.18738295725774],[83.2537897045313,28.21402058308348],[83.18740620363343,28.270012520261673],[83.15736657920434,28.270617958252217],[83.13706864140471,28.25134570803806],[83.09553476661625,28.256846083080347],[83.07976732909901,28.233534332743318],[83.02698764076706,28.23821139464019],[83.03924082810181,28.191388832628547],[83.03143539083067,28.174744458090345],[83.05532107860495,28.149841145152777],[83.05299095406934,28.11144114599216],[83.07639401617098,28.090695144365498],[83.15817826591427,28.061089708123575],[83.18588582866812,28.087467207745476],[83.23168332902247,28.048409707941744],[83.23486645332423,28.02335614526993],[83.28215926633715,27.96753633293548],[83.28382107857999,27.925600644654082],[83.31096420343528,27.92595570778974],[83.34618326724404,27.926265020614267],[83.34705582996264,27.94931283252123],[83.38522357830556,27.954845020181608],[83.40092795446157,27.935162457881177],[83.44271232821143,27.93526570724663],[83.48297101649928,27.980280770441254],[83.52475864129832,27.96376851980142],[83.5788418915401,27.974143332748667],[83.60694764172035,28.01186220787463],[83.5635830790959,28.03556714540747],[83.58270476661176,28.077262270437473]]]},"properties":{"OBJECTID":51,"PROVINCE":5,"PR_NAME":"Province No 5","DISTRICT":"Gulmi"}},
{"type":"Feature","geometry":{"type":"Polygon","coordinates":[[[83.2143279540719,27.75914026990756],[83.18749620418652,27.75395145779362],[83.09207839050538,27.771234457104583],[83.0531064539997,27.762333769687757],[83.02283645383932,27.807884394449275],[82.99902714098982,27.79294458232664],[82.84410732809079,27.790365895070067],[82.80623351506472,27.794842707624923],[82.80609914106259,27.77750520669997],[82.73341882821643,27.774793957575127],[82.6980603281217,27.756504519767816],[82.70996057831809,27.72170702036277],[82.72024795378007,27.68727233175275],[82.71507988992505,27.662921270000652],[82.73978926586199,27.639471957564865],[82.73799451583432,27.60789402029286],[82.75675707797683,27.589156519557775],[82.74019457861698,27.550633957191394],[82.75143451599018,27.5226546444963],[82.73774914120997,27.502362831979156],[82.80390364054063,27.496345519430236],[82.83493851589986,27.501886207482528],[82.9314228913534,27.50099558188066],[82.95620432816725,27.46776095670282],[83.03613582790621,27.448690957721567],[83.16650370288363,27.45746089450472],[83.18988020350866,27.454236770110924],[83.21903845366177,27.417675457356495],[83.23234345388732,27.520147956962717],[83.20626251650197,27.559648582416173],[83.23340432924647,27.60764758266987],[83.22369845362078,27.639622770274684],[83.23124207935854,27.694837270523692],[83.2143279540719,27.75914026990756]]]},"properties":{"OBJECTID":52,"PROVINCE":5,"PR_NAME":"Province No 5","DISTRICT":"Kapilbastu"}},
{"type":"Feature","geometry":{"type":"Polygon","coordinates":[[[83.44271232821143,27.93526570724663],[83.40092795446157,27.935162457881177],[83.38522357830556,27.954845020181608],[83.34705582996264,27.94931283252123],[83.34618326724404,27.926265020614267],[83.31096420343528,27.92595570778974],[83.31091564094413,27.889428207745652],[83.3325050168931,27.87712239568208],[83.28427701597155,27.82573664572965],[83.23583020460035,27.82204289536338],[83.26043789149554,27.784825769993347],[83.25783164091757,27.766930332368986],[83.28538151744311,27.756084834047897],[83.30399464283857,27.76770070782146],[83.3366942676264,27.765147020818404],[83.3688553918629,27.73701626948531],[83.43407576718295,27.73919827118334],[83.44665332918782,27.723745519939825],[83.5332435793278,27.72584489462622],[83.58003364253864,27.70509808181106],[83.63506614158922,27.69310314469442],[83.65522508017335,27.69088702002],[83.69732264192646,27.661933582368988],[83.70650326761177,27.681904958347218],[83.68482695420062,27.71800101943154],[83.72530476680163,27.709839956948485],[83.784377829873,27.72486195721359],[83.82311895447623,27.710491395261727],[83.8537670790875,27.733078144540798],[83.92107776752499,27.729362333804715],[83.94704120578706,27.74401458230716],[83.99442601764667,27.7534023956041],[84.00251351738495,27.788542020497914],[84.02681451747605,27.818049021445233],[84.03062182973372,27.85623133251005],[84.01807095600986,27.85126045850342],[83.94433001691681,27.875806894372715],[83.92780332946012,27.868095832856454],[83.88227595397217,27.887395082517116],[83.8413986418339,27.868506457007413],[83.8096588292916,27.873006144717863],[83.77711507410146,27.903143450809637],[83.71935707976547,27.91990658262273],[83.68809032950514,27.91795520846614],[83.6570092667643,27.902296645573813],[83.61889795537638,27.930437207611078],[83.52506664111263,27.92908964457149],[83.48588814202418,27.922525145818895],[83.44271232821143,27.93526570724663]]]},"properties":{"OBJECTID":53,"PROVINCE":5,"PR_NAME":"Province No 5","DISTRICT":"Palpa"}},
{"type":"Feature","geometry":{"type":"Polygon","coordinates":[[[83.69732264192646,27.661933582368988],[83.65522508017335,27.69088702002],[83.63506614158922,27.69310314469442],[83.63147432937683,27.664197582452516],[83.60167432930689,27.645016582849053],[83.57548570440179,27.6015631447234],[83.59650570337556,27.574742269440208],[83.59183657889508,27.52376383233502],[83.61670332899547,27.46937845754985],[83.83205082858291,27.370099144759763],[83.86483370451191,27.346452019245362],[83.89269264205183,27.361369581241206],[83.90732364227233,27.38953295728021],[83.87521295381481,27.391877332472973],[83.87143026679342,27.42945451941057],[83.89761357940324,27.437561457095626],[83.88579251721097,27.463795769359308],[83.8993093293621,27.50003258243777],[83.85274595376279,27.558804894230548],[83.83823414159241,27.5855553319131],[83.79261064206753,27.604866644180333],[83.8072038923458,27.620617644788524],[83.81390382989787,27.662175206820393],[83.72722657934321,27.672267082260078],[83.69732264192646,27.661933582368988]]]},"properties":{"OBJECTID":54,"PROVINCE":5,"PR_NAME":"Province No 5","DISTRICT":"Parasi"}},
{"type":"Feature","geometry":{"type":"Polygon","coordinates":[[[82.95669445328645,28.360007707090062],[82.92929076605606,28.34848577020216],[82.92008732816771,28.318911020627127],[82.88875539144823,28.290950957920415],[82.85479939127896,28.238474957153585],[82.81845239056543,28.213290770652577],[82.82698782912507,28.198354769856792],[82.78854089164889,28.177713391759653],[82.7599978919892,28.179763520470146],[82.73526191770338,28.20682334921827],[82.71424407800185,28.209601020470757],[82.6842441568424,28.19243812561905],[82.62653539049592,28.178004644398868],[82.60894313951434,28.15186570703679],[82.60233813979335,28.0935610822782],[82.63073914099863,28.070495894569945],[82.68770589021472,28.05087014514112],[82.70711026612594,28.005870332649806],[82.7424673902579,27.990410395823176],[82.76812670388432,27.9626470193445],[82.75514107809835,27.946972207501403],[82.7776322654168,27.925745332081476],[82.77269564119092,27.9059290199084],[82.80715920253522,27.877574394942428],[82.82623745369557,27.90549751979478],[82.91771520349391,27.903985770227166],[82.94497689137052,27.9308696448183],[82.98923420379555,27.92557014504621],[83.01856801600121,27.956789206956387],[82.96766176567797,27.988075333110203],[82.97860370369801,28.023037332906654],[82.96648907850823,28.052827145456433],[82.98707589113951,28.073671707383426],[83.00588995295902,28.111838833395495],[83.02903664172771,28.099503332013228],[83.05299095406934,28.11144114599216],[83.05532107860495,28.149841145152777],[83.03143539083067,28.174744458090345],[83.03924082810181,28.191388832628547],[83.02698764076706,28.23821139464019],[83.07976732909901,28.233534332743318],[83.09553476661625,28.256846083080347],[83.0994586409036,28.273621458263733],[83.0631697660719,28.3176083328583],[83.00532220375675,28.33299827095351],[82.98203457863298,28.359265207923045],[82.95669445328645,28.360007707090062]]]},"properties":{"OBJECTID":55,"PROVINCE":5,"PR_NAME":"Province No 5","DISTRICT":"Pyuthan"}},
{"type":"Feature","geometry":{"type":"Polygon","coordinates":[[[82.88124782672588,28.47620902052995],[82.8348802038584,28.478102645620652],[82.7926298284039,28.500471645649952],[82.7691527655877,28.500667082719758],[82.73254145412488,28.525689082784993],[82.7048389527555,28.509045646239656],[82.68290507800702,28.5151805199651],[82.64254632845035,28.494846020227726],[82.617507578512,28.50897014545592],[82.5461864479463,28.526372908383053],[82.53095007808372,28.558120019823093],[82.49407655039255,28.552494823377458],[82.46172114021851,28.52087258280352],[82.42005910574318,28.5286349227635],[82.39848899866843,28.461866379829644],[82.35305307793726,28.423796207928717],[82.36545807802793,28.388189646035414],[82.38546089070758,28.37269283160896],[82.36505807756828,28.34070708146669],[82.38515801523027,28.291898894618328],[82.41517876378896,28.2537236441309],[82.39869182726608,28.168750332761704],[82.43904139024801,28.148920081996266],[82.4973500151911,28.136596207049365],[82.56380251567361,28.13347658117931],[82.56914788896398,28.115322583070792],[82.60233813979335,28.0935610822782],[82.60894313951434,28.15186570703679],[82.62653539049592,28.178004644398868],[82.6842441568424,28.19243812561905],[82.71424407800185,28.209601020470757],[82.73526191770338,28.20682334921827],[82.7599978919892,28.179763520470146],[82.78854089164889,28.177713391759653],[82.82698782912507,28.198354769856792],[82.81845239056543,28.213290770652577],[82.85479939127896,28.238474957153585],[82.88875539144823,28.290950957920415],[82.92008732816771,28.318911020627127],[82.92929076605606,28.34848577020216],[82.95669445328645,28.360007707090062],[82.95228870336103,28.38405483216485],[82.92465001608542,28.401113895789706],[82.91618845233529,28.434194332202708],[82.8882868284744,28.45231951963018],[82.88124782672588,28.47620902052995]]]},"properties":{"OBJECTID":56,"PROVINCE":5,"PR_NAME":"Province No 5","DISTRICT":"Rolpa"}},
{"type":"Feature","geometry":{"type":"Polygon","coordinates":[[[82.69759907843479,28.86462283347703],[82.67556557768933,28.85246614609582],[82.65050976491375,28.869115520864625],[82.61559357838098,28.826470958168215],[82.62200170301622,28.81111633285252],[82.56598839075167,28.76566414608351],[82.57686401546198,28.74043364539648],[82.60332426530266,28.742787146010016],[82.6166042652747,28.688735520427997],[82.56259182855013,28.64643652132844],[82.52344039006204,28.659256645777646],[82.49182320277862,28.659190832490992],[82.4877035155049,28.64051808294323],[82.56313839062426,28.60995745787045],[82.5558547651853,28.581513646237852],[82.53095007808372,28.558120019823093],[82.5461864479463,28.526372908383053],[82.617507578512,28.50897014545592],[82.64254632845035,28.494846020227726],[82.68290507800702,28.5151805199651],[82.7048389527555,28.509045646239656],[82.73254145412488,28.525689082784993],[82.7691527655877,28.500667082719758],[82.7926298284039,28.500471645649952],[82.8348802038584,28.478102645620652],[82.88124782672588,28.47620902052995],[82.89033464053131,28.506490958291124],[82.91601114110136,28.527457645454035],[82.93036651620184,28.566987770469268],[82.97576789127521,28.542199583344143],[82.9876634533058,28.56976220865903],[82.96424407840158,28.581754208589928],[82.9592878282707,28.611368708199393],[82.98489107816079,28.630659645426363],[83.05949082843904,28.619985583068228],[83.10938382790141,28.63208989573218],[83.15451570313724,28.700988895721025],[83.14741214085768,28.747027458450475],[83.1170130160379,28.743091895674524],[83.10018464110834,28.766517458813723],[83.03805695336575,28.792666646648456],[82.97768132932993,28.80349808317004],[82.95161082857692,28.82762795846355],[82.87017951597193,28.83399989527902],[82.78341282873913,28.824021270565254],[82.7694022663016,28.809673582869607],[82.7437145161121,28.845748583630268],[82.69759907843479,28.86462283347703]]]},"properties":{"OBJECTID":57,"PROVINCE":5,"PR_NAME":"Province No 5","DISTRICT":"Rukum East"}},
{"type":"Feature","geometry":{"type":"Polygon","coordinates":[[[83.63506614158922,27.69310314469442],[83.58003364253864,27.70509808181106],[83.5332435793278,27.72584489462622],[83.44665332918782,27.723745519939825],[83.43407576718295,27.73919827118334],[83.3688553918629,27.73701626948531],[83.3366942676264,27.765147020818404],[83.30399464283857,27.76770070782146],[83.28538151744311,27.756084834047897],[83.25783164091757,27.766930332368986],[83.24807657957052,27.751044956859346],[83.2143279540719,27.75914026990756],[83.23124207935854,27.694837270523692],[83.22369845362078,27.639622770274684],[83.23340432924647,27.60764758266987],[83.20626251650197,27.559648582416173],[83.23234345388732,27.520147956962717],[83.21903845366177,27.417675457356495],[83.27430001633275,27.383432206531154],[83.26764420401685,27.365363831975344],[83.29638864192236,27.33471301929046],[83.33959382849247,27.33261101948301],[83.37617576629862,27.35847158159828],[83.3866623919559,27.389350769922146],[83.40552782934589,27.401908581915563],[83.38596826642242,27.442194456708876],[83.3908999533702,27.479492957234243],[83.61670332899547,27.46937845754985],[83.59183657889508,27.52376383233502],[83.59650570337556,27.574742269440208],[83.57548570440179,27.6015631447234],[83.60167432930689,27.645016582849053],[83.63147432937683,27.664197582452516],[83.63506614158922,27.69310314469442]]]},"properties":{"OBJECTID":58,"PROVINCE":5,"PR_NAME":"Province No 5","DISTRICT":"Rupandehi"}},
{"type":"Feature","geometry":{"type":"Polygon","coordinates":[[[81.92156314012686,28.977624395949192],[81.87685763976833,28.972105395947324],[81.82397401408952,28.983202708937938],[81.79519314015135,29.01188402073103],[81.75307545157091,29.010177521175706],[81.70411363893334,29.031942021207385],[81.69315957715281,29.0494215835393],[81.61439370220762,29.03437208290535],[81.56551620191124,29.053597770720614],[81.56733138993178,29.12609170806593],[81.51167195189913,29.090667146471674],[81.47057201438702,29.077464521470517],[81.41713763849128,29.017086020503484],[81.41631338915164,28.994909771268965],[81.44564488920031,28.941668708244322],[81.48461651364124,28.903353145531298],[81.51014126350856,28.8900860832062],[81.53348426438737,28.8563063960234],[81.55865963933093,28.79747527126682],[81.58108520132106,28.780658833038785],[81.58003082716101,28.7554294583029],[81.54826657644139,28.748987895075345],[81.5652859520851,28.722905332615085],[81.60237807708666,28.707349894981746],[81.64103007707644,28.676334145504484],[81.69155313976563,28.674346083504986],[81.70341138982383,28.66095620796267],[81.77759313971171,28.63327514553157],[81.81254563996936,28.68026164495899],[81.82186332683114,28.723994521330155],[81.86211513980192,28.73966895815596],[81.91410326555331,28.779894083745035],[81.89116445237761,28.811330770798463],[81.8801840143808,28.84880870855511],[81.89107901408528,28.889675646114256],[81.92635545194258,28.924771958758924],[81.92156314012686,28.977624395949192]]]},"properties":{"OBJECTID":59,"PROVINCE":6,"PR_NAME":"Karnali Pradesh","DISTRICT":"Dailekh"}},
{"type":"Feature","geometry":{"type":"Polygon","coordinates":[[[83.68212620376136,29.12349964609183],[83.65946120447109,29.176071270872512],[83.63545407854292,29.158413896384275],[83.61287995484611,29.18044758328938],[83.59066364171377,29.174461896299533],[83.57412770383053,29.202483271186054],[83.53810989185808,29.203791833326477],[83.5223060165095,29.217114021395048],[83.51620726675202,29.253834146328813],[83.472752953586,29.273785708443768],[83.44024520455258,29.30908664653157],[83.44695820475738,29.34038327137091],[83.41718820427229,29.359011771576036],[83.42565314137943,29.38690377089239],[83.4167485167307,29.42024702158284],[83.37347414081898,29.428516646626008],[83.34440620418303,29.465807458847223],[83.3473680161211,29.494256334562237],[83.31787026649965,29.50889277208381],[83.28412564118543,29.498699771477334],[83.2562483286975,29.544616208970922],[83.26287714066757,29.577605208613534],[83.21651982852734,29.589259084139485],[83.1988454532551,29.61112202216367],[83.14404876633756,29.624826146909186],[83.08401389092836,29.606422584234906],[83.03943301592102,29.649524396433776],[82.98833970301496,29.668168396454405],[82.94293076554243,29.674113959291844],[82.93643389131108,29.704458522243044],[82.90011464097796,29.702643771293083],[82.86265801535518,29.684558083888533],[82.82908770293523,29.689803021792045],[82.8289880166837,29.649057521487464],[82.7984636405846,29.63742989717207],[82.81691301562324,29.56459820953978],[82.78697614143584,29.525604146114517],[82.73462326505171,29.50812477174088],[82.73678926511258,29.46992445894665],[82.71678295317082,29.431658709681756],[82.64431651529497,29.385421083816027],[82.62469939036464,29.424669896398655],[82.56039226579048,29.4114361458615],[82.55004451524223,29.380407458737295],[82.59243082772059,29.326308645727465],[82.59264788988827,29.303042458642608],[82.56111289074738,29.28871964619475],[82.53605332779887,29.23658295873662],[82.54731464025849,29.21259139557651],[82.58405526613768,29.1897728343489],[82.57298245247824,29.171635208398186],[82.5163743277131,29.156304583289966],[82.4688483906408,29.162492083542872],[82.4195872026873,29.136648333353946],[82.41371670356307,29.095493208045184],[82.40558720278722,29.04055645801418],[82.3940732024164,29.01767545865556],[82.44164614075686,28.99031308268269],[82.46309751573784,28.99126095822669],[82.49209707781796,29.016175957854216],[82.52617264015527,29.01435883359335],[82.58033564047747,28.98983420898162],[82.64243070261489,28.96277327136943],[82.66899376564982,28.962454458106833],[82.6884194536949,28.91715602033412],[82.69759907843479,28.86462283347703],[82.7437145161121,28.845748583630268],[82.7694022663016,28.809673582869607],[82.78341282873913,28.824021270565254],[82.87017951597193,28.83399989527902],[82.95161082857692,28.82762795846355],[82.97768132932993,28.80349808317004],[83.03805695336575,28.792666646648456],[83.10018464110834,28.766517458813723],[83.1170130160379,28.743091895674524],[83.14741214085768,28.747027458450475],[83.20839064161487,28.732488395922758],[83.23128857880494,28.742756770508606],[83.27894132837963,28.721848771303826],[83.3332880170284,28.738084582937176],[83.36402957850231,28.73404995803918],[83.39053082933435,28.76297270812404],[83.45589420405435,28.772138333117653],[83.48895213043653,28.790577814714425],[83.49010467638976,28.800754564571548],[83.48962402382972,28.804193514519113],[83.48748016327897,28.809518831129196],[83.48738098154712,28.81027223457602],[83.4836883544341,28.815685289044893],[83.48345173291119,28.815857378815053],[83.48188916445343,28.821801021599924],[83.48262786938074,28.825567262719062],[83.48291015667843,28.826107043005663],[83.48458310612551,28.82923086061578],[83.4851226813667,28.830556886691],[83.48529815618502,28.831121461286443],[83.4851760867071,28.833776491092237],[83.48357391390505,28.835094469134503],[83.48299407961315,28.835607545851587],[83.48281097404725,28.838607805605818],[83.49044036812853,28.846355455140213],[83.49198150754057,28.84647371149265],[83.492735767142,28.84639977103268],[83.49596001654157,28.845331208268703],[83.50283050602309,28.845146196140092],[83.50384294569545,28.850855256165175],[83.50474548371716,28.852582948244503],[83.5053100583126,28.853174226409465],[83.50803375315525,28.85600091790809],[83.50831604045294,28.858276384347732],[83.50768279992133,28.862834947075214],[83.50787353533542,28.86576272776773],[83.50757598834127,28.8663578199575],[83.50392472554569,28.872503270609513],[83.50195312653562,28.875343339523567],[83.50193023699092,28.877285020787156],[83.51282501276421,28.887626664938693],[83.5136795045056,28.887834566612014],[83.51434326263154,28.8881187613718],[83.51487731963266,28.888380068385516],[83.51592019596035,28.889003818371577],[83.51779174899008,28.890550630707082],[83.52027130127959,28.89348794781057],[83.52430034768298,28.89734268581634],[83.52545770410984,28.898596290386536],[83.52607023595266,28.89927812128832],[83.52624511721842,28.89959527799971],[83.52668870062308,28.90056154288095],[83.5296064988409,28.903908738597465],[83.52964782718556,28.904045121685044],[83.5341873170911,28.909276979848812],[83.53901672324326,28.9129810508349],[83.53955856207801,28.913555747299938],[83.53987884483286,28.91380502498197],[83.54167560034875,28.91469956173546],[83.54281616283572,28.915967958354656],[83.54684399605361,28.920544459859002],[83.54765319883609,28.92122842575128],[83.54976491491897,28.923811406371385],[83.55286226098463,28.928262505510247],[83.55973053003999,28.937105196547634],[83.55980737441087,28.937380558166296],[83.55992126455476,28.937788027495515],[83.55998992959161,28.938779847512023],[83.55992126455476,28.939079301968263],[83.5597134168408,28.93991590259685],[83.55906677281337,28.941574113954232],[83.55992126455476,28.943487184186267],[83.56427651664796,28.945125771437233],[83.56427764979378,28.94512559696875],[83.56771401598911,28.94369752122367],[83.56801012137004,28.94348982459576],[83.57314300554532,28.946964281576356],[83.57456207278148,28.949634569280022],[83.57974243216756,28.954755800040175],[83.58363308369991,28.95814277277077],[83.58448028643613,28.96036912723349],[83.58449869915569,28.960454293031262],[83.58367919913582,28.964393632959855],[83.58614349352746,28.96647645742263],[83.58769226098912,28.96801759503603],[83.58917236341392,28.97123338541246],[83.58943176296555,28.973196046960027],[83.59010680848246,28.9781562253296],[83.60017851932326,28.985611838915304],[83.60142517123472,28.98549272371031],[83.60448564239852,28.98297058402528],[83.60492939127846,28.982498083819564],[83.60563659745105,28.981094377903275],[83.6096444090623,28.980074415401987],[83.61180877685365,28.98093416008345],[83.61276245212554,28.983358400469854],[83.61650848367964,28.986768740285186],[83.6173706061686,28.99156953630512],[83.61652113354353,28.998182114612973],[83.61823334289454,29.003613529640745],[83.61682891841991,29.009143846711197],[83.61656119384406,29.009539600572168],[83.61493682847191,29.015344637145347],[83.6178741455754,29.01741601773506],[83.61638641420171,29.023607270858918],[83.6173706061686,29.02800561666595],[83.61574050402112,29.031355425812308],[83.61464760470324,29.03598041426477],[83.61847686851274,29.040859239962003],[83.62030432868187,29.054621771177835],[83.63198476658374,29.07463108325794],[83.64007464143162,29.106787208163155],[83.65027651654805,29.103861146075076],[83.68212620376136,29.12349964609183]]]},"properties":{"OBJECTID":60,"PROVINCE":6,"PR_NAME":"Karnali Pradesh","DISTRICT":"Dolpa"}},
{"type":"Feature","geometry":{"type":"Polygon","coordinates":[[[82.49954932793918,29.947357771643908],[82.47807939005185,29.97365177191182],[82.43406245291993,29.98901914691612],[82.39478613996846,30.02461120904013],[82.36491314012937,30.010445022519832],[82.33602489073616,30.046922272045265],[82.30701051502331,30.037450209359747],[82.24595782739186,30.0754193963881],[82.23331926527192,30.064967459380796],[82.16810245216647,30.076089272601905],[82.18676389004156,30.110414334753784],[82.17872564077578,30.12226902169806],[82.20737732800137,30.153902334725046],[82.18430370285364,30.16069839631399],[82.18886645192526,30.185865772687293],[82.16062782781205,30.18931233449672],[82.10026682765204,30.23934808424673],[82.12733195250763,30.3018652719648],[82.10680745210232,30.349590647190666],[82.06779439049876,30.35538895953289],[82.05788145226728,30.333626084576167],[82.01325507696026,30.342667273076245],[81.99999976517705,30.320711334360624],[81.94095513956808,30.347504147198663],[81.88400639028276,30.360832084633046],[81.86960782703966,30.377339272089785],[81.82760063995761,30.37518070942224],[81.81064345153413,30.387304084116238],[81.75295357724588,30.388815396613325],[81.69107213916794,30.425535960416312],[81.63630188872122,30.444925147677452],[81.60862051512476,30.41222170976414],[81.56649482707468,30.429864335370837],[81.54833045258835,30.372230084151113],[81.48962732653996,30.382067272486665],[81.44102726439678,30.41856789719077],[81.41009026405447,30.421316709198834],[81.39918907701434,30.37066408477972],[81.42505670240496,30.305144335043053],[81.41052620232244,30.261628834703004],[81.39205651429677,30.23372289679429],[81.3982195152185,30.2090325846861],[81.3358663269695,30.160438459867066],[81.25984863990288,30.151326772612492],[81.2864082639303,30.11653695971296],[81.28923413974383,30.0698297096734],[81.2737172650398,30.04528289698817],[81.38371326445565,30.007227896650136],[81.41440838943566,30.01864095891318],[81.45628632685253,30.002442147187367],[81.4718271397108,29.975120896312376],[81.45453413903937,29.951174521387088],[81.47246432736688,29.88983345894701],[81.50737888882469,29.89440920951745],[81.51828595203511,29.92243427252373],[81.60442376404552,29.930165397015514],[81.64808895204357,29.947982834640186],[81.68916345223158,29.94928345936421],[81.71258913947725,29.914313834216102],[81.78739176511795,29.91036289752975],[81.80103745281627,29.90168683467971],[81.79602670287011,29.848840646878386],[81.78217432758322,29.807054084178674],[81.74160276425624,29.79249295948256],[81.72830001503371,29.73315439675804],[81.69914038981722,29.680383584734727],[81.70465432663593,29.63717745927238],[81.74035363920916,29.60619902176751],[81.77558239051496,29.60579708326884],[81.79293288934144,29.62734720830707],[81.8548065150087,29.61939952167063],[81.89348939052303,29.668422271470718],[81.95101420234363,29.67649420934032],[81.9961183271991,29.705961959376964],[82.00794357753415,29.72717902139476],[82.04819007731027,29.750978771752955],[82.0951575156069,29.69866808436467],[82.1088102027287,29.637333147207016],[82.20423013970924,29.66010095879227],[82.23438151479513,29.67453877204673],[82.23481670302846,29.69904339663549],[82.28370538999184,29.692290209325733],[82.31874726487445,29.710594396014642],[82.35124613939786,29.713097334274607],[82.39441689002751,29.696487084511375],[82.4159733283065,29.73175233390316],[82.39955114027299,29.762921272099106],[82.40419720253891,29.79454727183918],[82.44176839009918,29.82419152102193],[82.43693626529648,29.86076570937007],[82.4495348912223,29.888684834937237],[82.47621926560669,29.90666408487965],[82.49954932793918,29.947357771643908]]]},"properties":{"OBJECTID":61,"PROVINCE":6,"PR_NAME":"Karnali Pradesh","DISTRICT":"Humla"}},
{"type":"Feature","geometry":{"type":"Polygon","coordinates":[[[82.41371670356307,29.095493208045184],[82.35298045318541,29.116605521527674],[82.3022615145573,29.119656708989964],[82.27004376540748,29.112923458750686],[82.21338439007758,29.08704252069583],[82.18236345241144,29.061752771773058],[82.14969257715074,29.04812295800815],[82.11939057731337,29.006951270784555],[82.08020957721027,28.969299520156767],[82.05162957764293,28.980683395822098],[82.04060432732791,29.012436646034416],[82.01349726528662,29.029535520847674],[81.96011445202038,28.985545833173717],[81.92156314012686,28.977624395949192],[81.92635545194258,28.924771958758924],[81.89107901408528,28.889675646114256],[81.8801840143808,28.84880870855511],[81.89116445237761,28.811330770798463],[81.91410326555331,28.779894083745035],[81.86211513980192,28.73966895815596],[81.82186332683114,28.723994521330155],[81.86146707754364,28.69230183236374],[81.88805413988672,28.642973895828675],[82.0378175153661,28.637889395179513],[82.08313782734893,28.618697583027085],[82.13068751551651,28.621496958517866],[82.17054157723209,28.61166127025149],[82.18658414074554,28.62300208277992],[82.19714351526108,28.673474895849836],[82.22982314002593,28.68784052052365],[82.25000013969475,28.712316583543554],[82.27774532828431,28.70557183367322],[82.29199564008678,28.738089458161994],[82.29616188975945,28.784961270646193],[82.34748926471786,28.78674170796353],[82.36606989041314,28.795690957871443],[82.39096539004078,28.83459858295828],[82.44522832752534,28.8653078956429],[82.49927014060455,28.87910208299479],[82.51516882787917,28.949873083875787],[82.55391795375061,28.987675958378816],[82.58033564047747,28.98983420898162],[82.52617264015527,29.01435883359335],[82.49209707781796,29.016175957854216],[82.46309751573784,28.99126095822669],[82.44164614075686,28.99031308268269],[82.3940732024164,29.01767545865556],[82.40558720278722,29.04055645801418],[82.41371670356307,29.095493208045184]]]},"properties":{"OBJECTID":62,"PROVINCE":6,"PR_NAME":"Karnali Pradesh","DISTRICT":"Jajarkot"}},
{"type":"Feature","geometry":{"type":"Polygon","coordinates":[[[82.56039226579048,29.4114361458615],[82.51502076529613,29.420481208640922],[82.49758607823497,29.49352595825644],[82.43424057804032,29.44334433397387],[82.38783351540445,29.5017785213617],[82.3665381404229,29.490380834807752],[82.33055914049197,29.507996084152012],[82.31177639036815,29.503725709174205],[82.29558651520557,29.442286833770424],[82.22381001561979,29.42813064591263],[82.21736745234608,29.407970208158645],[82.16375670231002,29.416713959381752],[82.14127851559107,29.438102584166984],[82.13281207751544,29.46985327131148],[82.09519113945959,29.464382396730286],[82.08670364016092,29.48149808436915],[82.04300326528852,29.482792958828043],[82.02960707830408,29.46871352181165],[81.98095964077487,29.47295633436738],[81.96673245324018,29.44624227156362],[81.93274788970342,29.437326333443593],[81.92629539071976,29.38502683362151],[81.92963395294464,29.329992333579355],[81.90923495203145,29.321906021845507],[81.8824208900121,29.274154770426378],[81.84968164019557,29.26633177119436],[81.86093007706148,29.240926958512375],[81.91253345215716,29.200471959013726],[81.89759226497108,29.175855833779735],[81.9054913900157,29.157178521071955],[81.94497763980627,29.149527021654762],[81.98270314023779,29.107665146129648],[82.02126601471485,29.083291708345712],[82.01349726528662,29.029535520847674],[82.04060432732791,29.012436646034416],[82.05162957764293,28.980683395822098],[82.08020957721027,28.969299520156767],[82.11939057731337,29.006951270784555],[82.14969257715074,29.04812295800815],[82.18236345241144,29.061752771773058],[82.21338439007758,29.08704252069583],[82.27004376540748,29.112923458750686],[82.3022615145573,29.119656708989964],[82.35298045318541,29.116605521527674],[82.41371670356307,29.095493208045184],[82.4195872026873,29.136648333353946],[82.4688483906408,29.162492083542872],[82.5163743277131,29.156304583289966],[82.57298245247824,29.171635208398186],[82.58405526613768,29.1897728343489],[82.54731464025849,29.21259139557651],[82.53605332779887,29.23658295873662],[82.56111289074738,29.28871964619475],[82.59264788988827,29.303042458642608],[82.59243082772059,29.326308645727465],[82.55004451524223,29.380407458737295],[82.56039226579048,29.4114361458615]]]},"properties":{"OBJECTID":63,"PROVINCE":6,"PR_NAME":"Karnali Pradesh","DISTRICT":"Jumla"}},
{"type":"Feature","geometry":{"type":"Polygon","coordinates":[[[81.93274788970342,29.437326333443593],[81.88664320252184,29.44340245895637],[81.86892807716907,29.460523083873284],[81.80963688983064,29.453908583714224],[81.79115401414651,29.388990020872825],[81.76871495243319,29.390402521259375],[81.7414591398275,29.333926896309265],[81.67183645179085,29.31685558391814],[81.65015920218548,29.321147396035542],[81.64587938882278,29.35430439623093],[81.61929245238485,29.370609396306634],[81.50973476454783,29.31456570854067],[81.4698283892688,29.27184552185338],[81.49999988938345,29.23879527118487],[81.48403557678051,29.20121852131774],[81.50086057655443,29.151686271404344],[81.56733138993178,29.12609170806593],[81.56551620191124,29.053597770720614],[81.61439370220762,29.03437208290535],[81.69315957715281,29.0494215835393],[81.70411363893334,29.031942021207385],[81.75307545157091,29.010177521175706],[81.79519314015135,29.01188402073103],[81.82397401408952,28.983202708937938],[81.87685763976833,28.972105395947324],[81.92156314012686,28.977624395949192],[81.96011445202038,28.985545833173717],[82.01349726528662,29.029535520847674],[82.02126601471485,29.083291708345712],[81.98270314023779,29.107665146129648],[81.94497763980627,29.149527021654762],[81.9054913900157,29.157178521071955],[81.89759226497108,29.175855833779735],[81.91253345215716,29.200471959013726],[81.86093007706148,29.240926958512375],[81.84968164019557,29.26633177119436],[81.8824208900121,29.274154770426378],[81.90923495203145,29.321906021845507],[81.92963395294464,29.329992333579355],[81.92629539071976,29.38502683362151],[81.93274788970342,29.437326333443593]]]},"properties":{"OBJECTID":64,"PROVINCE":6,"PR_NAME":"Karnali Pradesh","DISTRICT":"Kalikot"}},
{"type":"Feature","geometry":{"type":"Polygon","coordinates":[[[82.82908770293523,29.689803021792045],[82.76869657818457,29.74244533418488],[82.74670126535119,29.769480896526204],[82.6884478911573,29.773465334757418],[82.69606439075909,29.791167147445947],[82.73086995258632,29.803703584353002],[82.72645201594781,29.837515772135248],[82.69915176604121,29.85534520941394],[82.64114157842118,29.833882396855188],[82.64246157813938,29.862925584148456],[82.61054507849263,29.884482209486407],[82.56860276580505,29.932470271286036],[82.56502207820643,29.95521945881103],[82.5312163907239,29.97099514760805],[82.49954932793918,29.947357771643908],[82.47621926560669,29.90666408487965],[82.4495348912223,29.888684834937237],[82.43693626529648,29.86076570937007],[82.44176839009918,29.82419152102193],[82.40419720253891,29.79454727183918],[82.39955114027299,29.762921272099106],[82.4159733283065,29.73175233390316],[82.39441689002751,29.696487084511375],[82.35124613939786,29.713097334274607],[82.31874726487445,29.710594396014642],[82.28370538999184,29.692290209325733],[82.23481670302846,29.69904339663549],[82.23438151479513,29.67453877204673],[82.20423013970924,29.66010095879227],[82.1088102027287,29.637333147207016],[82.0951575156069,29.69866808436467],[82.04819007731027,29.750978771752955],[82.00794357753415,29.72717902139476],[81.9961183271991,29.705961959376964],[81.95101420234363,29.67649420934032],[81.89348939052303,29.668422271470718],[81.8548065150087,29.61939952167063],[81.79293288934144,29.62734720830707],[81.77558239051496,29.60579708326884],[81.79150401499834,29.59664633486051],[81.80082895219442,29.55919495858052],[81.77671076538957,29.508013084036634],[81.79722851458433,29.488086084205463],[81.80963688983064,29.453908583714224],[81.86892807716907,29.460523083873284],[81.88664320252184,29.44340245895637],[81.93274788970342,29.437326333443593],[81.96673245324018,29.44624227156362],[81.98095964077487,29.47295633436738],[82.02960707830408,29.46871352181165],[82.04300326528852,29.482792958828043],[82.08670364016092,29.48149808436915],[82.09519113945959,29.464382396730286],[82.13281207751544,29.46985327131148],[82.14127851559107,29.438102584166984],[82.16375670231002,29.416713959381752],[82.21736745234608,29.407970208158645],[82.22381001561979,29.42813064591263],[82.29558651520557,29.442286833770424],[82.31177639036815,29.503725709174205],[82.33055914049197,29.507996084152012],[82.3665381404229,29.490380834807752],[82.38783351540445,29.5017785213617],[82.43424057804032,29.44334433397387],[82.49758607823497,29.49352595825644],[82.51502076529613,29.420481208640922],[82.56039226579048,29.4114361458615],[82.62469939036464,29.424669896398655],[82.64431651529497,29.385421083816027],[82.71678295317082,29.431658709681756],[82.73678926511258,29.46992445894665],[82.73462326505171,29.50812477174088],[82.78697614143584,29.525604146114517],[82.81691301562324,29.56459820953978],[82.7984636405846,29.63742989717207],[82.8289880166837,29.649057521487464],[82.82908770293523,29.689803021792045]]]},"properties":{"OBJECTID":65,"PROVINCE":6,"PR_NAME":"Karnali Pradesh","DISTRICT":"Mugu"}},
{"type":"Feature","geometry":{"type":"Polygon","coordinates":[[[82.69759907843479,28.86462283347703],[82.6884194536949,28.91715602033412],[82.66899376564982,28.962454458106833],[82.64243070261489,28.96277327136943],[82.58033564047747,28.98983420898162],[82.55391795375061,28.987675958378816],[82.51516882787917,28.949873083875787],[82.49927014060455,28.87910208299479],[82.44522832752534,28.8653078956429],[82.39096539004078,28.83459858295828],[82.36606989041314,28.795690957871443],[82.34748926471786,28.78674170796353],[82.29616188975945,28.784961270646193],[82.29199564008678,28.738089458161994],[82.27774532828431,28.70557183367322],[82.25000013969475,28.712316583543554],[82.22982314002593,28.68784052052365],[82.19714351526108,28.673474895849836],[82.18658414074554,28.62300208277992],[82.27236364036975,28.593723395418408],[82.3416847029867,28.58950914623017],[82.37687420338182,28.56634339543143],[82.38476445301717,28.53026914560462],[82.42005910574318,28.5286349227635],[82.46172114021851,28.52087258280352],[82.49407655039255,28.552494823377458],[82.53095007808372,28.558120019823093],[82.5558547651853,28.581513646237852],[82.56313839062426,28.60995745787045],[82.4877035155049,28.64051808294323],[82.49182320277862,28.659190832490992],[82.52344039006204,28.659256645777646],[82.56259182855013,28.64643652132844],[82.6166042652747,28.688735520427997],[82.60332426530266,28.742787146010016],[82.57686401546198,28.74043364539648],[82.56598839075167,28.76566414608351],[82.62200170301622,28.81111633285252],[82.61559357838098,28.826470958168215],[82.65050976491375,28.869115520864625],[82.67556557768933,28.85246614609582],[82.69759907843479,28.86462283347703]]]},"properties":{"OBJECTID":66,"PROVINCE":6,"PR_NAME":"Karnali Pradesh","DISTRICT":"Rukum West"}},
{"type":"Feature","geometry":{"type":"Polygon","coordinates":[[[82.18658414074554,28.62300208277992],[82.17054157723209,28.61166127025149],[82.13068751551651,28.621496958517866],[82.08313782734893,28.618697583027085],[82.0378175153661,28.637889395179513],[82.00602370213221,28.613399271259425],[82.01343145199996,28.595936957924323],[81.99591576480077,28.569854395464006],[82.02034595250376,28.5419580829992],[82.02705145236268,28.499003020373152],[81.96784963964922,28.444324770571768],[81.98309514032854,28.36494920833934],[81.93883832702721,28.33715483312909],[81.81204788949856,28.389604332673855],[81.78060720226063,28.39041302014482],[81.76849807732447,28.370030020868796],[81.74687276446656,28.3131350825181],[81.80764226457893,28.28236270847225],[81.84563257758145,28.271657582631406],[81.86666451505539,28.24870270756395],[81.92427063008557,28.223835008678748],[81.92851257299691,28.209331530525787],[81.96450042675337,28.194263475978687],[82.00942993114649,28.1509399593117],[82.0248184204338,28.200572985454983],[82.05613688980566,28.241980395778683],[82.10256432748179,28.258863644641565],[82.14471301569318,28.240974208193222],[82.17026395291913,28.251237145477944],[82.23503057709951,28.23982495735595],[82.27734413982023,28.24834727031032],[82.303215390378,28.243697207859896],[82.31481695234055,28.223043332783618],[82.33943414057319,28.223388770475424],[82.39869182726608,28.168750332761704],[82.41517876378896,28.2537236441309],[82.38515801523027,28.291898894618328],[82.36505807756828,28.34070708146669],[82.38546089070758,28.37269283160896],[82.36545807802793,28.388189646035414],[82.35305307793726,28.423796207928717],[82.39848899866843,28.461866379829644],[82.42005910574318,28.5286349227635],[82.38476445301717,28.53026914560462],[82.37687420338182,28.56634339543143],[82.3416847029867,28.58950914623017],[82.27236364036975,28.593723395418408],[82.18658414074554,28.62300208277992]]]},"properties":{"OBJECTID":67,"PROVINCE":6,"PR_NAME":"Karnali Pradesh","DISTRICT":"Salyan"}},
{"type":"Feature","geometry":{"type":"Polygon","coordinates":[[[81.10553676421034,28.965588770805198],[81.0498650765121,28.977943458323978],[81.02061576370659,28.952137396024057],[80.98274101358697,28.938698582973302],[81.02329157684483,28.919374521017403],[81.04224182569976,28.88863552081267],[81.075627826563,28.875064145893646],[81.1034960136302,28.845170583056017],[81.15090695079522,28.85262514623355],[81.18351326372618,28.8249770205731],[81.20173451403667,28.851455458302837],[81.2354767012888,28.829383708491378],[81.22783857658908,28.79695195846614],[81.27400632603116,28.727269958341935],[81.26875888981095,28.70616327101817],[81.2870650136395,28.67320202085665],[81.3201137642389,28.669574520847505],[81.31867901372556,28.636290958161226],[81.36426495216585,28.623952395486697],[81.41856701465605,28.59545852039446],[81.4471129515016,28.554188395178357],[81.51326626372713,28.52465614576454],[81.55910857639975,28.49487695780539],[81.66062420274483,28.41510939548226],[81.6900903268072,28.41040133305512],[81.73135376466456,28.378661019590425],[81.76849807732447,28.370030020868796],[81.78060720226063,28.39041302014482],[81.81204788949856,28.389604332673855],[81.93883832702721,28.33715483312909],[81.98309514032854,28.36494920833934],[81.96784963964922,28.444324770571768],[82.02705145236268,28.499003020373152],[82.02034595250376,28.5419580829992],[81.99591576480077,28.569854395464006],[82.01343145199996,28.595936957924323],[82.00602370213221,28.613399271259425],[82.0378175153661,28.637889395179513],[81.88805413988672,28.642973895828675],[81.86146707754364,28.69230183236374],[81.82186332683114,28.723994521330155],[81.81254563996936,28.68026164495899],[81.77759313971171,28.63327514553157],[81.70341138982383,28.66095620796267],[81.69155313976563,28.674346083504986],[81.64103007707644,28.676334145504484],[81.60237807708666,28.707349894981746],[81.5652859520851,28.722905332615085],[81.54826657644139,28.748987895075345],[81.5172352021429,28.780349896130872],[81.51970963998798,28.806934771322688],[81.4897554511532,28.842322395961844],[81.46456382725887,28.85385639545632],[81.46511220146698,28.894562458690586],[81.41531638904019,28.913901458385624],[81.37785470203295,28.89362608277753],[81.35081276439763,28.88994070779745],[81.30492526438951,28.925298708768423],[81.26461932662068,28.90227058392037],[81.20593088919924,28.908017770703623],[81.17050176354559,28.921366708207074],[81.12244257616402,28.962544582766327],[81.10553676421034,28.965588770805198]]]},"properties":{"OBJECTID":68,"PROVINCE":6,"PR_NAME":"Karnali Pradesh","DISTRICT":"Surkhet"}},
{"type":"Feature","geometry":{"type":"Polygon","coordinates":[[[81.4698283892688,29.27184552185338],[81.44476082685071,29.28738195861058],[81.41910820238166,29.278418646003786],[81.38957801421407,29.299988896070772],[81.36655820269897,29.284118271241255],[81.34535976384211,29.291698208005926],[81.3187455770468,29.323085459326535],[81.27095707660783,29.30357583395761],[81.25171426390222,29.349476208660178],[81.20310013906021,29.36498270878502],[81.17172851346021,29.386627083673034],[81.14649545150394,29.352313272039908],[81.13739857698278,29.304833521449893],[81.12240507623335,29.29931877164404],[81.09960332693203,29.247225458488174],[81.10136145117008,29.214740521657802],[81.06549263887422,29.19822227164059],[81.03715707683767,29.198972959134835],[81.06673895084197,29.13643708350463],[81.10367970195676,29.100712521565697],[81.14681863906901,29.033740895525966],[81.15187163916488,29.00602902142225],[81.13354701448321,28.980823771000303],[81.10553676421034,28.965588770805198],[81.12244257616402,28.962544582766327],[81.17050176354559,28.921366708207074],[81.20593088919924,28.908017770703623],[81.26461932662068,28.90227058392037],[81.30492526438951,28.925298708768423],[81.35081276439763,28.88994070779745],[81.37785470203295,28.89362608277753],[81.41531638904019,28.913901458385624],[81.46511220146698,28.894562458690586],[81.46456382725887,28.85385639545632],[81.4897554511532,28.842322395961844],[81.51970963998798,28.806934771322688],[81.5172352021429,28.780349896130872],[81.54826657644139,28.748987895075345],[81.58003082716101,28.7554294583029],[81.58108520132106,28.780658833038785],[81.55865963933093,28.79747527126682],[81.53348426438737,28.8563063960234],[81.51014126350856,28.8900860832062],[81.48461651364124,28.903353145531298],[81.44564488920031,28.941668708244322],[81.41631338915164,28.994909771268965],[81.41713763849128,29.017086020503484],[81.47057201438702,29.077464521470517],[81.51167195189913,29.090667146471674],[81.56733138993178,29.12609170806593],[81.50086057655443,29.151686271404344],[81.48403557678051,29.20121852131774],[81.49999988938345,29.23879527118487],[81.4698283892688,29.27184552185338]]]},"properties":{"OBJECTID":69,"PROVINCE":7,"PR_NAME":"Sudurpashchim Pradesh","DISTRICT":"Achham"}},
{"type":"Feature","geometry":{"type":"Polygon","coordinates":[[[80.78665551374104,29.696836146471014],[80.74688926362865,29.704679458690123],[80.7442089511822,29.704446459636472],[80.73917063881396,29.705226209621912],[80.73897438875707,29.70530252159415],[80.73640095084329,29.705568084199797],[80.73217545203556,29.70382489680162],[80.72079626363671,29.703068271983227],[80.71295520152137,29.700078334647458],[80.70999220157887,29.699253083463077],[80.70916307611515,29.69949939697966],[80.70881338912665,29.699787396771],[80.7004091382712,29.70525920934506],[80.69735613867493,29.706095959261177],[80.68291226398986,29.69712020903046],[80.67889863916093,29.692944146854927],[80.67779457655854,29.69179320888952],[80.67740607662921,29.691083959457217],[80.67682651393255,29.689399772081856],[80.67680513884613,29.68932302213983],[80.66925282565745,29.685670270966284],[80.66838338898225,29.685514708936694],[80.6647322017298,29.68443858377367],[80.65853645109638,29.682291021613423],[80.656928013617,29.681675521108446],[80.6478812637094,29.683314271136737],[80.64772551372153,29.684098896347052],[80.64656626422175,29.685167334105245],[80.64486251389394,29.686065084136374],[80.64477482639717,29.686200209072467],[80.64206188834555,29.68872164638691],[80.64193063858818,29.68885664631722],[80.63963813898897,29.68981139627897],[80.63883101453973,29.689906209104322],[80.63414270122473,29.690436958398948],[80.63318526408875,29.690053083682926],[80.63209782635369,29.6894387720817],[80.63111888822618,29.688921709569286],[80.6252860769909,29.686830021388403],[80.60416970127073,29.691415521509157],[80.59967151362952,29.690772646540438],[80.59923901346974,29.69062920917071],[80.59670632653581,29.690732083518867],[80.58765270131119,29.688301834761944],[80.57822176372349,29.68772395919342],[80.5752603259034,29.687488959148197],[80.57434138874413,29.686764146947894],[80.57401807707265,29.68578408376851],[80.56599232658465,29.67570408387644],[80.56064520141496,29.670818458405165],[80.55940638889376,29.670638396145137],[80.55905932702638,29.670574083826978],[80.55550357672877,29.671374270905915],[80.55498957640788,29.67102064668552],[80.55403513941019,29.669167709622172],[80.55384345161406,29.668991146624194],[80.54660363934653,29.666410771340054],[80.54620670107846,29.666574084626347],[80.54271307594774,29.664245396308047],[80.53046751396465,29.657426209552],[80.53008432543135,29.65707520955334],[80.52578570094937,29.65477933479849],[80.52195726361686,29.653655771296883],[80.51759738900836,29.65120595868808],[80.51663238947327,29.650615959359072],[80.51385195100681,29.649448521532122],[80.51347857587564,29.648750146701957],[80.51278607631644,29.647759583937727],[80.50419101450376,29.635176584631722],[80.49918745104009,29.628561897413704],[80.49735107679084,29.624314084627372],[80.4848088266661,29.623327584100764],[80.48236982660626,29.62314208453961],[80.48226076402312,29.623139459418553],[80.47554613964269,29.621768583253584],[80.47145726404153,29.621179396012394],[80.46874407687773,29.620435458829434],[80.46165045120739,29.624814646378866],[80.46098432606584,29.625847334287073],[80.45954288909309,29.62590920944251],[80.45124170144345,29.625157708961126],[80.4425815763787,29.61670533448364],[80.44155232657869,29.617075459464957],[80.43969970158003,29.619788208658974],[80.43886532677345,29.620217646627168],[80.43799713835733,29.620053833317797],[80.43546795158477,29.619012271798965],[80.4329109514793,29.6183313968765],[80.43012795084434,29.61686220952339],[80.42689663906867,29.612174334178235],[80.41873695164907,29.61287427203007],[80.41928113861371,29.608861334283176],[80.41952495111565,29.607256334012675],[80.41432645060524,29.605469459348114],[80.38065826406768,29.561466646068936],[80.35100663864552,29.555342771951416],[80.35969238899264,29.53252483395397],[80.34297357576997,29.50995758377553],[80.29767576392544,29.4878562714498],[80.30418907686447,29.453092645908953],[80.24769757708157,29.446728646509882],[80.24332695197734,29.411585708513712],[80.27344613852853,29.395186708599795],[80.28182301402092,29.346242458822474],[80.31869351369477,29.31334708400078],[80.36245588872833,29.327190833889915],[80.3691888889561,29.34895795904265],[80.41954963840516,29.361575708152486],[80.43282045180246,29.392504146049532],[80.4840966382493,29.386835959312123],[80.5042348888291,29.39885033347616],[80.53063032632855,29.39178127188825],[80.57799645117535,29.41181833344939],[80.58317813886009,29.396679709101363],[80.64678876009327,29.38640520653513],[80.68039551394185,29.40162689586458],[80.68378357575148,29.425107521794757],[80.74819182639175,29.400463959144474],[80.78747251364564,29.366386958791168],[80.8163497643302,29.364805645763965],[80.85484238916496,29.378618646033715],[80.87504626417382,29.41162939667936],[80.90995845142146,29.4414263336584],[80.80637682602975,29.515218271506058],[80.74919701393111,29.532475021405162],[80.74900895130213,29.551434959555763],[80.77783282632396,29.559386021347848],[80.78944788890902,29.613310271451894],[80.76476670132229,29.66193570886594],[80.79769688800104,29.688313021428826],[80.79409932642284,29.68997683466324],[80.79147182576418,29.6924472714245],[80.7900042014328,29.69528277088324],[80.78665551374104,29.696836146471014]]]},"properties":{"OBJECTID":70,"PROVINCE":7,"PR_NAME":"Sudurpashchim Pradesh","DISTRICT":"Baitadi"}},
{"type":"Feature","geometry":{"type":"Polygon","coordinates":[[[81.2737172650398,30.04528289698817],[81.23919057668382,30.031583833627053],[81.21921238924045,30.007324896626756],[81.15093232696535,30.01162777130463],[81.12561751393719,30.020316209725365],[81.09169907665114,30.054211084773783],[81.0910398268266,30.05429508415085],[81.0908142013144,30.054313272039906],[81.0880048262618,30.05336995965598],[81.08730701440726,30.053083959956837],[81.08698632605814,30.05292852203371],[81.08647820190754,30.052732646994116],[81.08618057667235,30.052595209001765],[81.08580595148351,30.052354147525932],[81.08480745130288,30.051346521924472],[81.08431188888261,30.050604646886995],[81.08413201458086,30.0502077724708],[81.08362088939259,30.049508834665062],[81.08169420162614,30.04851758481874],[81.08151457733595,30.048456772662007],[81.08090620215955,30.047636084637645],[81.08037438896696,30.046519834422895],[81.07944063907428,30.046132459545447],[81.07784232706177,30.045664209535687],[81.07694745126395,30.045504584369098],[81.07465201447894,30.0453322095139],[81.07356207752792,30.045436646883786],[81.06909757669189,30.04224720934127],[81.06687188952611,30.038684397566954],[81.06654070159215,30.038197334639335],[81.06629113882508,30.037153084147576],[81.06497463926826,30.035637897371146],[81.06344282672512,30.034244646972923],[81.06272426391371,30.03407127207163],[81.0626068897962,30.033978897308316],[81.05959701359137,30.030847084725224],[81.05906095110208,30.0301413966082],[81.05701320199773,30.027809834955974],[81.05693113976037,30.02768808383803],[81.05591957602769,30.024990709453732],[81.05558582682448,30.02452164645689],[81.0542059520431,30.023647021592808],[81.05236951394198,30.022786084410313],[81.05229013977817,30.022761335067628],[81.05150032727835,30.022538334676483],[81.05104401397011,30.02239858452708],[81.05052582640582,30.022252209072235],[81.04988738869207,30.02216445952223],[81.04956951342234,30.02211952129892],[81.0475765770974,30.02045102169734],[81.04713801370843,30.02011733454742],[81.0466402011844,30.019174647192244],[81.04580638935346,30.018189208765023],[81.04569876388689,30.018121585143092],[81.04124926464192,30.015407147022245],[81.04113645188579,30.0153621467457],[81.040340764115,30.013131459349438],[81.04041201380346,30.0114487090907],[81.03993201415119,30.010311959729222],[81.0386922015839,30.00641220975575],[81.03857426449076,30.00635814701093],[81.03832313870197,30.006166459214796],[81.0382767642613,30.006103334901013],[81.03808438938313,30.005404085030534],[81.03669682629754,30.003694709443323],[81.03498138927972,30.00000708435948],[81.02978876493961,29.992767584156752],[81.02960982683209,29.992487896799048],[81.0293313265795,29.99163533410342],[81.02799563908752,29.98880695907394],[81.02779295168341,29.98789114615954],[81.02765901385249,29.987532521708545],[81.02589363928007,29.986046397423365],[81.02512257674556,29.985520959524706],[81.02289132637367,29.983340084677195],[81.02173751417502,29.98311470917656],[81.01989732680028,29.982747334322084],[81.01865151395629,29.982199397184502],[81.01812788909086,29.977575272081197],[81.01887657649286,29.976914209223423],[81.01936557656018,29.976546459351653],[81.02175413904234,29.974518209347934],[81.02212920130165,29.97333614674585],[81.02180738880003,29.972285084788894],[81.01971926373307,29.96849358441142],[81.02030763978581,29.963377521155735],[81.0233102018044,29.958658084103376],[81.0199178888995,29.95596527108046],[81.01832326410744,29.953285708668545],[81.0176785770048,29.951474458779273],[81.01728213875975,29.950556459612983],[81.01650532596005,29.948975271591564],[81.01598907643478,29.947903896647574],[81.01246207656362,29.945684646829022],[81.0119708263926,29.944998959634347],[81.00917070176655,29.941159959764377],[81.00789470137943,29.940266771094684],[81.00544170157332,29.937830709119964],[81.00407076425444,29.93409077227136],[81.00430182616839,29.932649397351838],[81.00418207694133,29.932232084043505],[81.00517676399653,29.923026396950718],[81.01114201389288,29.919667271727235],[81.01380876366358,29.918173709149414],[81.01812607695695,29.913977521945128],[81.01946751471411,29.91305702176419],[81.02029320117038,29.91275914741675],[81.02363238932338,29.91067877180791],[81.02443138839789,29.910114709826075],[81.02627370176998,29.909000021733675],[81.02867151377939,29.907143084485824],[81.0296040136144,29.90617964707309],[81.03091201367857,29.904280021705688],[81.03099813815362,29.902367146626545],[81.03168620135716,29.898248022328403],[81.03477513876169,29.89133564692264],[81.03654082629816,29.889093021925476],[81.03661488906596,29.889009521672165],[81.03954770146532,29.884855833729773],[81.04092982635046,29.883434334726815],[81.04124607744455,29.879845333795174],[81.03951426377233,29.873184646254458],[81.03908332663428,29.86806877185637],[81.03872757731591,29.86617627181755],[81.03869457669344,29.866104147088777],[81.03841738945101,29.86461989699069],[81.04152807605993,29.858438209056146],[81.04049938923549,29.855325646461495],[81.04050357647895,29.85523539679616],[81.0402628891211,29.85202102195268],[81.04018007594982,29.851240583985827],[81.04030357714845,29.844615397182906],[81.04140976484882,29.84140733378149],[81.04222176452288,29.840209272240145],[81.04336838844046,29.839541209059576],[81.04402813918733,29.83933570947545],[81.05033026433028,29.83535658353952],[81.05111626370467,29.834814897589524],[81.05317188817213,29.83409677094926],[81.05574251480527,29.832494083735014],[81.0589822640203,29.829395521785955],[81.0608059515335,29.82883302192647],[81.065445014376,29.82704870943047],[81.06584451391325,29.82718389641974],[81.0702466386715,29.82763052223089],[81.0725677645907,29.824658458920794],[81.07182976383257,29.82189102105383],[81.07196295072964,29.820896209892226],[81.07224520115517,29.819459083370077],[81.0722199517894,29.816292021859397],[81.0713732643647,29.812938208931257],[81.07107113892198,29.808212583643865],[81.07051757652499,29.801759083714785],[81.07043526427606,29.80153808431521],[81.07028401449571,29.8011659592417],[81.0695414523762,29.796081834509096],[81.06815776446933,29.79520277149078],[81.06714232645726,29.794781458897262],[81.0668927016369,29.79463277218474],[81.06449763885502,29.794069959361195],[81.06394857666555,29.793499522085312],[81.06392876460086,29.79325820879933],[81.06412851481917,29.79220239662334],[81.06416095156669,29.791879772033894],[81.0645077013694,29.789635146944534],[81.06560776468666,29.785062146500934],[81.06562407658993,29.781319833643465],[81.06550063924317,29.78090483429071],[81.06551263889725,29.78049877150113],[81.06517270145906,29.775055771406755],[81.063215389079,29.77028570881845],[81.06330276451104,29.765889209319596],[81.0631467015591,29.765386208606685],[81.06287538868827,29.764664521550458],[81.06184726483946,29.76200764633586],[81.05487426343655,29.756344208918165],[81.04750076424892,29.753525084315243],[81.04608457664193,29.75333608459266],[81.04532926393443,29.75316495979513],[81.04267338876593,29.752279272370572],[81.04102488918733,29.75266552219614],[81.03914388967883,29.749681709243532],[81.03573382685471,29.74560639631818],[81.02043076416851,29.74600452169136],[81.01423970080162,29.74578195927006],[81.01090101357096,29.74558152196971],[80.96560720101155,29.724711459766127],[80.96151445113105,29.72573220917417],[80.94769832661655,29.735517646921892],[80.9379064515216,29.73366364685984],[80.91986813860376,29.72469620906287],[80.91928951390003,29.724743209431608],[80.89958132721654,29.720732458835982],[80.8907315144479,29.713843022437572],[80.88724582673359,29.713720522184417],[80.86689595128718,29.70632520904121],[80.85972513860435,29.69585314700521],[80.84573263905008,29.692129022036795],[80.83000476450832,29.690442709563456],[80.81161232644774,29.68466339629873],[80.8022366396093,29.687146896612035],[80.79917301362372,29.68818445974506],[80.79848507632528,29.688208209041647],[80.79769688800104,29.688313021428826],[80.76476670132229,29.66193570886594],[80.78944788890902,29.613310271451894],[80.77783282632396,29.559386021347848],[80.74900895130213,29.551434959555763],[80.74919701393111,29.532475021405162],[80.80637682602975,29.515218271506058],[80.90995845142146,29.4414263336584],[80.94104463939863,29.39779889650191],[80.98857538874324,29.40513183446666],[81.0256632014956,29.421415209444433],[81.06572651386756,29.405463520625005],[81.09739363870551,29.407801583476328],[81.1209556388917,29.395704209082055],[81.18851420116948,29.39781852150759],[81.25357576341082,29.413292021010022],[81.26388188883817,29.43381633345706],[81.30948888850145,29.45989295949255],[81.30493038962584,29.47679770934684],[81.34045545225734,29.505024770876503],[81.37325307616857,29.549985772225682],[81.40054207645574,29.557217459118476],[81.42081213886917,29.598806084633168],[81.42215657676468,29.633868209550258],[81.51762888936179,29.679423584530866],[81.52621745177402,29.710203396869304],[81.50975526459382,29.741656458778607],[81.54159863946569,29.74708814630094],[81.56238801359603,29.77061208358083],[81.56646645166546,29.851872334340783],[81.54308657678416,29.878161459383875],[81.50737888882469,29.89440920951745],[81.47246432736688,29.88983345894701],[81.45453413903937,29.951174521387088],[81.4718271397108,29.975120896312376],[81.45628632685253,30.002442147187367],[81.41440838943566,30.01864095891318],[81.38371326445565,30.007227896650136],[81.2737172650398,30.04528289698817]]]},"properties":{"OBJECTID":71,"PROVINCE":7,"PR_NAME":"Sudurpashchim Pradesh","DISTRICT":"Bajhang"}},
{"type":"Feature","geometry":{"type":"Polygon","coordinates":[[[81.77558239051496,29.60579708326884],[81.74035363920916,29.60619902176751],[81.70465432663593,29.63717745927238],[81.69914038981722,29.680383584734727],[81.72830001503371,29.73315439675804],[81.74160276425624,29.79249295948256],[81.78217432758322,29.807054084178674],[81.79602670287011,29.848840646878386],[81.80103745281627,29.90168683467971],[81.78739176511795,29.91036289752975],[81.71258913947725,29.914313834216102],[81.68916345223158,29.94928345936421],[81.64808895204357,29.947982834640186],[81.60442376404552,29.930165397015514],[81.51828595203511,29.92243427252373],[81.50737888882469,29.89440920951745],[81.54308657678416,29.878161459383875],[81.56646645166546,29.851872334340783],[81.56238801359603,29.77061208358083],[81.54159863946569,29.74708814630094],[81.50975526459382,29.741656458778607],[81.52621745177402,29.710203396869304],[81.51762888936179,29.679423584530866],[81.42215657676468,29.633868209550258],[81.42081213886917,29.598806084633168],[81.40054207645574,29.557217459118476],[81.37325307616857,29.549985772225682],[81.34045545225734,29.505024770876503],[81.30493038962584,29.47679770934684],[81.30948888850145,29.45989295949255],[81.26388188883817,29.43381633345706],[81.25357576341082,29.413292021010022],[81.18851420116948,29.39781852150759],[81.17172851346021,29.386627083673034],[81.20310013906021,29.36498270878502],[81.25171426390222,29.349476208660178],[81.27095707660783,29.30357583395761],[81.3187455770468,29.323085459326535],[81.34535976384211,29.291698208005926],[81.36655820269897,29.284118271241255],[81.38957801421407,29.299988896070772],[81.41910820238166,29.278418646003786],[81.44476082685071,29.28738195861058],[81.4698283892688,29.27184552185338],[81.50973476454783,29.31456570854067],[81.61929245238485,29.370609396306634],[81.64587938882278,29.35430439623093],[81.65015920218548,29.321147396035542],[81.67183645179085,29.31685558391814],[81.7414591398275,29.333926896309265],[81.76871495243319,29.390402521259375],[81.79115401414651,29.388990020872825],[81.80963688983064,29.453908583714224],[81.79722851458433,29.488086084205463],[81.77671076538957,29.508013084036634],[81.80082895219442,29.55919495858052],[81.79150401499834,29.59664633486051],[81.77558239051496,29.60579708326884]]]},"properties":{"OBJECTID":72,"PROVINCE":7,"PR_NAME":"Sudurpashchim Pradesh","DISTRICT":"Bajura"}},
{"type":"Feature","geometry":{"type":"Polygon","coordinates":[[[80.78747251364564,29.366386958791168],[80.74819182639175,29.400463959144474],[80.68378357575148,29.425107521794757],[80.68039551394185,29.40162689586458],[80.64678876009327,29.38640520653513],[80.58317813886009,29.396679709101363],[80.57799645117535,29.41181833344939],[80.53063032632855,29.39178127188825],[80.5042348888291,29.39885033347616],[80.4840966382493,29.386835959312123],[80.43282045180246,29.392504146049532],[80.41954963840516,29.361575708152486],[80.3691888889561,29.34895795904265],[80.36245588872833,29.327190833889915],[80.31869351369477,29.31334708400078],[80.30598070084875,29.28527302143283],[80.29908307612311,29.205521458048906],[80.25960795094625,29.18732964614628],[80.27352920081205,29.146669146164243],[80.2368648266505,29.119054146131987],[80.18604976398547,29.137257833582225],[80.19312545087894,29.085857583860445],[80.22933363943599,29.045520520555613],[80.30288351396308,29.058465458314288],[80.40675476422103,29.036335083497363],[80.42195713881097,29.026430020628993],[80.46214395058291,29.036748770739223],[80.4873548883175,28.998168521360242],[80.50308738897189,28.993284708022884],[80.53716126328175,29.013944895440602],[80.53589320121034,29.02969639517255],[80.562806326251,29.06809327098773],[80.52838351318866,29.10589727054264],[80.56860951291873,29.11918727097583],[80.5691363267801,29.144825645687035],[80.61771201369851,29.179498146522292],[80.63103057030463,29.17633433246351],[80.70616588934439,29.192334521720852],[80.70849445175759,29.23134951596745],[80.74062432185502,29.246920769977578],[80.73904332718786,29.299686208551748],[80.77778938906908,29.315816208651142],[80.75932870145846,29.344698271608024],[80.78747251364564,29.366386958791168]]]},"properties":{"OBJECTID":73,"PROVINCE":7,"PR_NAME":"Sudurpashchim Pradesh","DISTRICT":"Dadeldhura"}},
{"type":"Feature","geometry":{"type":"Polygon","coordinates":[[[81.09169907665114,30.054211084773783],[81.11046595194222,30.08617758402835],[81.086047201817,30.106397584780893],[81.08488751344805,30.14809639703128],[81.04733376374236,30.17955895937854],[81.02910337182328,30.23982511883429],[80.98468835248553,30.268728431871637],[80.95043839091909,30.266486979590468],[80.90810260595055,30.30070581022511],[80.80605287763836,30.319904193723687],[80.77492119925404,30.36205991463345],[80.7361942821405,30.3966703640462],[80.60885385702005,30.466901345420865],[80.5994389750287,30.448177459522242],[80.6239950129596,30.431545027081313],[80.661229925121,30.35356313792846],[80.76042965420527,30.30247611038436],[80.76345950165484,30.278900410825372],[80.79674816079904,30.2390920283745],[80.87317957647639,30.160694209969904],[80.88042495105083,30.13248733462285],[80.80339563909752,30.085625834664654],[80.74032157588016,29.99969021003534],[80.72131195108568,30.00032583377032],[80.67966563855845,29.958906834782624],[80.63198538951411,29.965177209360775],[80.59698663892243,29.952941458981286],[80.57142938845556,29.90901695866569],[80.55518001324714,29.8533442097675],[80.50898963866098,29.82310508423234],[80.49409207668816,29.795371210013514],[80.46646463903198,29.802189896746427],[80.417679201434,29.795710896540754],[80.3676638887776,29.729043709899372],[80.39342095151568,29.663792959077966],[80.41816820150149,29.650468584757448],[80.41432645060524,29.605469459348114],[80.41952495111565,29.607256334012675],[80.41928113861371,29.608861334283176],[80.41873695164907,29.61287427203007],[80.42689663906867,29.612174334178235],[80.43012795084434,29.61686220952339],[80.4329109514793,29.6183313968765],[80.43546795158477,29.619012271798965],[80.43799713835733,29.620053833317797],[80.43886532677345,29.620217646627168],[80.43969970158003,29.619788208658974],[80.44155232657869,29.617075459464957],[80.4425815763787,29.61670533448364],[80.45124170144345,29.625157708961126],[80.45954288909309,29.62590920944251],[80.46098432606584,29.625847334287073],[80.46165045120739,29.624814646378866],[80.46874407687773,29.620435458829434],[80.47145726404153,29.621179396012394],[80.47554613964269,29.621768583253584],[80.48226076402312,29.623139459418553],[80.48236982660626,29.62314208453961],[80.4848088266661,29.623327584100764],[80.49735107679084,29.624314084627372],[80.49918745104009,29.628561897413704],[80.50419101450376,29.635176584631722],[80.51278607631644,29.647759583937727],[80.51347857587564,29.648750146701957],[80.51385195100681,29.649448521532122],[80.51663238947327,29.650615959359072],[80.51759738900836,29.65120595868808],[80.52195726361686,29.653655771296883],[80.52578570094937,29.65477933479849],[80.53008432543135,29.65707520955334],[80.53046751396465,29.657426209552],[80.54271307594774,29.664245396308047],[80.54620670107846,29.666574084626347],[80.54660363934653,29.666410771340054],[80.55384345161406,29.668991146624194],[80.55403513941019,29.669167709622172],[80.55498957640788,29.67102064668552],[80.55550357672877,29.671374270905915],[80.55905932702638,29.670574083826978],[80.55940638889376,29.670638396145137],[80.56064520141496,29.670818458405165],[80.56599232658465,29.67570408387644],[80.57401807707265,29.68578408376851],[80.57434138874413,29.686764146947894],[80.5752603259034,29.687488959148197],[80.57822176372349,29.68772395919342],[80.58765270131119,29.688301834761944],[80.59670632653581,29.690732083518867],[80.59923901346974,29.69062920917071],[80.59967151362952,29.690772646540438],[80.60416970127073,29.691415521509157],[80.6252860769909,29.686830021388403],[80.63111888822618,29.688921709569286],[80.63209782635369,29.6894387720817],[80.63318526408875,29.690053083682926],[80.63414270122473,29.690436958398948],[80.63883101453973,29.689906209104322],[80.63963813898897,29.68981139627897],[80.64193063858818,29.68885664631722],[80.64206188834555,29.68872164638691],[80.64477482639717,29.686200209072467],[80.64486251389394,29.686065084136374],[80.64656626422175,29.685167334105245],[80.64772551372153,29.684098896347052],[80.6478812637094,29.683314271136737],[80.656928013617,29.681675521108446],[80.65853645109638,29.682291021613423],[80.6647322017298,29.68443858377367],[80.66838338898225,29.685514708936694],[80.66925282565745,29.685670270966284],[80.67680513884613,29.68932302213983],[80.67682651393255,29.689399772081856],[80.67740607662921,29.691083959457217],[80.67779457655854,29.69179320888952],[80.67889863916093,29.692944146854927],[80.68291226398986,29.69712020903046],[80.69735613867493,29.706095959261177],[80.7004091382712,29.70525920934506],[80.70881338912665,29.699787396771],[80.70916307611515,29.69949939697966],[80.70999220157887,29.699253083463077],[80.71295520152137,29.700078334647458],[80.72079626363671,29.703068271983227],[80.73217545203556,29.70382489680162],[80.73640095084329,29.705568084199797],[80.73897438875707,29.70530252159415],[80.73917063881396,29.705226209621912],[80.7442089511822,29.704446459636472],[80.74688926362865,29.704679458690123],[80.78665551374104,29.696836146471014],[80.7900042014328,29.69528277088324],[80.79147182576418,29.6924472714245],[80.79409932642284,29.68997683466324],[80.79848507632528,29.688208209041647],[80.79917301362372,29.68818445974506],[80.8022366396093,29.687146896612035],[80.81161232644774,29.68466339629873],[80.83000476450832,29.690442709563456],[80.84573263905008,29.692129022036795],[80.85972513860435,29.69585314700521],[80.86689595128718,29.70632520904121],[80.88724582673359,29.713720522184417],[80.8907315144479,29.713843022437572],[80.89958132721654,29.720732458835982],[80.91928951390003,29.724743209431608],[80.91986813860376,29.72469620906287],[80.9379064515216,29.73366364685984],[80.94769832661655,29.735517646921892],[80.96151445113105,29.72573220917417],[80.96560720101155,29.724711459766127],[81.01090101357096,29.74558152196971],[81.01423970080162,29.74578195927006],[81.02043076416851,29.74600452169136],[81.03573382685471,29.74560639631818],[81.03914388967883,29.749681709243532],[81.04102488918733,29.75266552219614],[81.04267338876593,29.752279272370572],[81.04532926393443,29.75316495979513],[81.04608457664193,29.75333608459266],[81.04750076424892,29.753525084315243],[81.05487426343655,29.756344208918165],[81.06184726483946,29.76200764633586],[81.06287538868827,29.764664521550458],[81.0631467015591,29.765386208606685],[81.06330276451104,29.765889209319596],[81.063215389079,29.77028570881845],[81.06517270145906,29.775055771406755],[81.06551263889725,29.78049877150113],[81.06550063924317,29.78090483429071],[81.06562407658993,29.781319833643465],[81.06560776468666,29.785062146500934],[81.0645077013694,29.789635146944534],[81.06416095156669,29.791879772033894],[81.06412851481917,29.79220239662334],[81.06392876460086,29.79325820879933],[81.06394857666555,29.793499522085312],[81.06449763885502,29.794069959361195],[81.0668927016369,29.79463277218474],[81.06714232645726,29.794781458897262],[81.06815776446933,29.79520277149078],[81.0695414523762,29.796081834509096],[81.07028401449571,29.8011659592417],[81.07043526427606,29.80153808431521],[81.07051757652499,29.801759083714785],[81.07107113892198,29.808212583643865],[81.0713732643647,29.812938208931257],[81.0722199517894,29.816292021859397],[81.07224520115517,29.819459083370077],[81.07196295072964,29.820896209892226],[81.07182976383257,29.82189102105383],[81.0725677645907,29.824658458920794],[81.0702466386715,29.82763052223089],[81.06584451391325,29.82718389641974],[81.065445014376,29.82704870943047],[81.0608059515335,29.82883302192647],[81.0589822640203,29.829395521785955],[81.05574251480527,29.832494083735014],[81.05317188817213,29.83409677094926],[81.05111626370467,29.834814897589524],[81.05033026433028,29.83535658353952],[81.04402813918733,29.83933570947545],[81.04336838844046,29.839541209059576],[81.04222176452288,29.840209272240145],[81.04140976484882,29.84140733378149],[81.04030357714845,29.844615397182906],[81.04018007594982,29.851240583985827],[81.0402628891211,29.85202102195268],[81.04050357647895,29.85523539679616],[81.04049938923549,29.855325646461495],[81.04152807605993,29.858438209056146],[81.03841738945101,29.86461989699069],[81.03869457669344,29.866104147088777],[81.03872757731591,29.86617627181755],[81.03908332663428,29.86806877185637],[81.03951426377233,29.873184646254458],[81.04124607744455,29.879845333795174],[81.04092982635046,29.883434334726815],[81.03954770146532,29.884855833729773],[81.03661488906596,29.889009521672165],[81.03654082629816,29.889093021925476],[81.03477513876169,29.89133564692264],[81.03168620135716,29.898248022328403],[81.03099813815362,29.902367146626545],[81.03091201367857,29.904280021705688],[81.0296040136144,29.90617964707309],[81.02867151377939,29.907143084485824],[81.02627370176998,29.909000021733675],[81.02443138839789,29.910114709826075],[81.02363238932338,29.91067877180791],[81.02029320117038,29.91275914741675],[81.01946751471411,29.91305702176419],[81.01812607695695,29.913977521945128],[81.01380876366358,29.918173709149414],[81.01114201389288,29.919667271727235],[81.00517676399653,29.923026396950718],[81.00418207694133,29.932232084043505],[81.00430182616839,29.932649397351838],[81.00407076425444,29.93409077227136],[81.00544170157332,29.937830709119964],[81.00789470137943,29.940266771094684],[81.00917070176655,29.941159959764377],[81.0119708263926,29.944998959634347],[81.01246207656362,29.945684646829022],[81.01598907643478,29.947903896647574],[81.01650532596005,29.948975271591564],[81.01728213875975,29.950556459612983],[81.0176785770048,29.951474458779273],[81.01832326410744,29.953285708668545],[81.0199178888995,29.95596527108046],[81.0233102018044,29.958658084103376],[81.02030763978581,29.963377521155735],[81.01971926373307,29.96849358441142],[81.02180738880003,29.972285084788894],[81.02212920130165,29.97333614674585],[81.02175413904234,29.974518209347934],[81.01936557656018,29.976546459351653],[81.01887657649286,29.976914209223423],[81.01812788909086,29.977575272081197],[81.01865151395629,29.982199397184502],[81.01989732680028,29.982747334322084],[81.02173751417502,29.98311470917656],[81.02289132637367,29.983340084677195],[81.02512257674556,29.985520959524706],[81.02589363928007,29.986046397423365],[81.02765901385249,29.987532521708545],[81.02779295168341,29.98789114615954],[81.02799563908752,29.98880695907394],[81.0293313265795,29.99163533410342],[81.02960982683209,29.992487896799048],[81.02978876493961,29.992767584156752],[81.03498138927972,30.00000708435948],[81.03669682629754,30.003694709443323],[81.03808438938313,30.005404085030534],[81.0382767642613,30.006103334901013],[81.03832313870197,30.006166459214796],[81.03857426449076,30.00635814701093],[81.0386922015839,30.00641220975575],[81.03993201415119,30.010311959729222],[81.04041201380346,30.0114487090907],[81.040340764115,30.013131459349438],[81.04113645188579,30.0153621467457],[81.04124926464192,30.015407147022245],[81.04569876388689,30.018121585143092],[81.04580638935346,30.018189208765023],[81.0466402011844,30.019174647192244],[81.04713801370843,30.02011733454742],[81.0475765770974,30.02045102169734],[81.04956951342234,30.02211952129892],[81.04988738869207,30.02216445952223],[81.05052582640582,30.022252209072235],[81.05104401397011,30.02239858452708],[81.05150032727835,30.022538334676483],[81.05229013977817,30.022761335067628],[81.05236951394198,30.022786084410313],[81.0542059520431,30.023647021592808],[81.05558582682448,30.02452164645689],[81.05591957602769,30.024990709453732],[81.05693113976037,30.02768808383803],[81.05701320199773,30.027809834955974],[81.05906095110208,30.0301413966082],[81.05959701359137,30.030847084725224],[81.0626068897962,30.033978897308316],[81.06272426391371,30.03407127207163],[81.06344282672512,30.034244646972923],[81.06497463926826,30.035637897371146],[81.06629113882508,30.037153084147576],[81.06654070159215,30.038197334639335],[81.06687188952611,30.038684397566954],[81.06909757669189,30.04224720934127],[81.07356207752792,30.045436646883786],[81.07465201447894,30.0453322095139],[81.07694745126395,30.045504584369098],[81.07784232706177,30.045664209535687],[81.07944063907428,30.046132459545447],[81.08037438896696,30.046519834422895],[81.08090620215955,30.047636084637645],[81.08151457733595,30.048456772662007],[81.08169420162614,30.04851758481874],[81.08362088939259,30.049508834665062],[81.08413201458086,30.0502077724708],[81.08431188888261,30.050604646886995],[81.08480745130288,30.051346521924472],[81.08580595148351,30.052354147525932],[81.08618057667235,30.052595209001765],[81.08647820190754,30.052732646994116],[81.08698632605814,30.05292852203371],[81.08730701440726,30.053083959956837],[81.0880048262618,30.05336995965598],[81.0908142013144,30.054313272039906],[81.0910398268266,30.05429508415085],[81.09169907665114,30.054211084773783]]]},"properties":{"OBJECTID":74,"PROVINCE":7,"PR_NAME":"Sudurpashchim Pradesh","DISTRICT":"Darchula"}},
{"type":"Feature","geometry":{"type":"Polygon","coordinates":[[[81.18851420116948,29.39781852150759],[81.1209556388917,29.395704209082055],[81.09739363870551,29.407801583476328],[81.06572651386756,29.405463520625005],[81.0256632014956,29.421415209444433],[80.98857538874324,29.40513183446666],[80.94104463939863,29.39779889650191],[80.90995845142146,29.4414263336584],[80.87504626417382,29.41162939667936],[80.85484238916496,29.378618646033715],[80.8163497643302,29.364805645763965],[80.78747251364564,29.366386958791168],[80.75932870145846,29.344698271608024],[80.77778938906908,29.315816208651142],[80.73904332718786,29.299686208551748],[80.74062432185502,29.246920769977578],[80.70849445175759,29.23134951596745],[80.70616588934439,29.192334521720852],[80.63103057030463,29.17633433246351],[80.61771201369851,29.179498146522292],[80.5691363267801,29.144825645687035],[80.56860951291873,29.11918727097583],[80.52838351318866,29.10589727054264],[80.562806326251,29.06809327098773],[80.59845720133882,29.048128646220107],[80.61729651342341,29.059089083294623],[80.64500932552,29.028555895638135],[80.7053034511934,29.00953452120126],[80.74015995152058,29.01073895803654],[80.76237213856342,28.98942902123241],[80.80052832612142,28.976764770877537],[80.80759270134217,28.943884208789257],[80.82758257637488,28.931658708882367],[80.8522642019314,28.97463414654868],[80.88365188942322,28.96703720900007],[80.88500695190936,28.94044864568849],[80.98274101358697,28.938698582973302],[81.02061576370659,28.952137396024057],[81.0498650765121,28.977943458323978],[81.10553676421034,28.965588770805198],[81.13354701448321,28.980823771000303],[81.15187163916488,29.00602902142225],[81.14681863906901,29.033740895525966],[81.10367970195676,29.100712521565697],[81.06673895084197,29.13643708350463],[81.03715707683767,29.198972959134835],[81.06549263887422,29.19822227164059],[81.10136145117008,29.214740521657802],[81.09960332693203,29.247225458488174],[81.12240507623335,29.29931877164404],[81.13739857698278,29.304833521449893],[81.14649545150394,29.352313272039908],[81.17172851346021,29.386627083673034],[81.18851420116948,29.39781852150759]]]},"properties":{"OBJECTID":75,"PROVINCE":7,"PR_NAME":"Sudurpashchim Pradesh","DISTRICT":"Doti"}},
{"type":"Feature","geometry":{"type":"Polygon","coordinates":[[[80.98274101358697,28.938698582973302],[80.88500695190936,28.94044864568849],[80.88365188942322,28.96703720900007],[80.8522642019314,28.97463414654868],[80.82758257637488,28.931658708882367],[80.80759270134217,28.943884208789257],[80.80052832612142,28.976764770877537],[80.76237213856342,28.98942902123241],[80.74015995152058,29.01073895803654],[80.7053034511934,29.00953452120126],[80.64500932552,29.028555895638135],[80.61729651342341,29.059089083294623],[80.59845720133882,29.048128646220107],[80.562806326251,29.06809327098773],[80.53589320121034,29.02969639517255],[80.53716126328175,29.013944895440602],[80.50308738897189,28.993284708022884],[80.4873548883175,28.998168521360242],[80.47427488857528,28.947455145938306],[80.50724863841401,28.925234082586883],[80.49885145173317,28.8574275835162],[80.54015132652256,28.77144520763028],[80.54139726347302,28.736241020406794],[80.55728620119726,28.7255098951656],[80.55588982655433,28.690691520697158],[80.59209251305907,28.67968283319624],[80.58186770073388,28.66123495822677],[80.6132570133006,28.639249832913492],[80.65292295123328,28.63386576988944],[80.71632338831375,28.567829082646085],[80.76973963837366,28.565495770913174],[80.7862534511359,28.529223145931496],[80.85700826332078,28.497047958096857],[80.87756470134997,28.509700520862395],[80.91034238819071,28.497513270021443],[80.90744245140809,28.465721395725893],[80.94645213875526,28.454664332792788],[80.98083607592423,28.434284020691052],[81.00145045097759,28.45393933353347],[81.06907876377397,28.394375520314043],[81.06089295194823,28.4083905829591],[81.09233657637196,28.45684333345315],[81.15447851387239,28.501762144907104],[81.16915957665321,28.523198833059723],[81.25037257613354,28.59402770801239],[81.28946988892432,28.648530645772723],[81.2870650136395,28.67320202085665],[81.26875888981095,28.70616327101817],[81.27400632603116,28.727269958341935],[81.22783857658908,28.79695195846614],[81.2354767012888,28.829383708491378],[81.20173451403667,28.851455458302837],[81.18351326372618,28.8249770205731],[81.15090695079522,28.85262514623355],[81.1034960136302,28.845170583056017],[81.075627826563,28.875064145893646],[81.04224182569976,28.88863552081267],[81.02329157684483,28.919374521017403],[80.98274101358697,28.938698582973302]]]},"properties":{"OBJECTID":76,"PROVINCE":7,"PR_NAME":"Sudurpashchim Pradesh","DISTRICT":"Kailali"}},
{"type":"Feature","geometry":{"type":"Polygon","coordinates":[[[80.4873548883175,28.998168521360242],[80.46214395058291,29.036748770739223],[80.42195713881097,29.026430020628993],[80.40675476422103,29.036335083497363],[80.30288351396308,29.058465458314288],[80.22933363943599,29.045520520555613],[80.19312545087894,29.085857583860445],[80.18604976398547,29.137257833582225],[80.14605207694183,29.102983834036763],[80.13017276466144,29.061037646170462],[80.12848357615616,29.00600108308356],[80.11961376426387,28.981649583361616],[80.0977346393422,28.975264770952492],[80.0601478269607,28.916376708318467],[80.06641295129674,28.83731883249817],[80.07665070126893,28.824327458245648],[80.11978801420554,28.828764395760288],[80.17301026431232,28.782059520830273],[80.21773801389827,28.755342019918317],[80.25228570142406,28.75777327052009],[80.25788726368631,28.72934002052557],[80.27971926323346,28.70971995840938],[80.31897407609279,28.6997935834072],[80.32759363903529,28.66630489525477],[80.37803801284406,28.628280520429712],[80.41638907629488,28.639117957227995],[80.46222620077862,28.621576895657256],[80.47342620105837,28.59017964567414],[80.50908801370093,28.567095582994796],[80.52340076363441,28.576694583188498],[80.50520613865245,28.66516845885735],[80.55588982655433,28.690691520697158],[80.55728620119726,28.7255098951656],[80.54139726347302,28.736241020406794],[80.54015132652256,28.77144520763028],[80.49885145173317,28.8574275835162],[80.50724863841401,28.925234082586883],[80.47427488857528,28.947455145938306],[80.4873548883175,28.998168521360242]]]},"properties":{"OBJECTID":77,"PROVINCE":7,"PR_NAME":"Sudurpashchim Pradesh","DISTRICT":"Kanchanpur"}}
]}